price,area,rooms,price_per_sqm,area_per_room,lat_bin,lon_bin,distance_to_center_km,zip_prefix
685000.0,64.0,3.0,10703.125,21.333333333333332,52.36,4.91,1.2971789623206968,1091
475000.0,60.0,3.0,7916.666666666667,20.0,52.35,4.8500000000000005,4.221765272133486,1059
850000.0,109.0,4.0,7798.165137614679,27.25,52.34,4.94,3.8345622592025324,1097
580000.0,128.0,6.0,4531.25,21.333333333333332,52.34,4.79,8.2204332198856,1060
720000.0,138.0,5.0,5217.391304347826,27.6,52.410000000000004,4.9,4.779151409027082,1036
450000.0,53.0,2.0,8490.566037735849,26.5,52.38,4.88,2.563299392546339,1051
450000.0,87.0,3.0,5172.413793103448,29.0,52.410000000000004,4.9,4.810785710580983,1033
590000.0,80.0,2.0,7375.0,40.0,52.370000000000005,4.87,2.249511993842121,1053
399000.0,49.0,3.0,8142.857142857143,16.333333333333332,52.36,4.8500000000000005,3.3981698812059085,1058
300000.0,33.0,2.0,9090.90909090909,16.5,52.35,4.9,1.6804897987425549,1073
540000.0,69.0,3.0,7826.086956521739,23.0,52.35,4.8500000000000005,3.989721519336159,1058
539000.0,88.0,3.0,6125.0,29.333333333333332,52.38,4.94,2.8650121829437656,1019
390000.0,45.0,3.0,8666.666666666666,15.0,52.36,4.91,1.2717884692203005,1091
575000.0,70.0,2.0,8214.285714285714,35.0,52.370000000000005,4.9,0.4367960347613755,1017
650000.0,86.0,3.0,7558.139534883721,28.666666666666668,52.36,4.91,1.282669992375355,1091
475000.0,105.0,5.0,4523.809523809524,21.0,52.410000000000004,4.9,4.535255943999273,1036
700000.0,102.0,6.0,6862.745098039216,17.0,52.36,4.8500000000000005,3.4325071215172818,1058
325000.0,78.0,3.0,4166.666666666667,26.0,52.370000000000005,4.83,5.0955565298689445,1064
399000.0,100.0,3.0,3990.0,33.333333333333336,52.32,4.95,6.3983412309768575,1102
375000.0,52.0,3.0,7211.538461538462,17.333333333333332,52.39,4.87,3.499365767255282,1013
1625000.0,199.0,6.0,8165.829145728643,33.166666666666664,52.370000000000005,4.89,1.4764731990420927,1016
575000.0,71.0,3.0,8098.591549295775,23.666666666666668,52.35,4.89,2.0384726094930032,1072
600000.0,114.0,4.0,5263.1578947368425,28.5,52.36,4.84,4.567908451672732,1062
525000.0,75.0,3.0,7000.0,25.0,52.36,4.95,2.900374791004811,1095
350000.0,110.0,5.0,3181.818181818182,22.0,52.410000000000004,4.92,4.67919462748415,1034
350000.0,89.0,3.0,3932.5842696629215,29.666666666666668,52.42,4.89,6.357156806375368,1035
575000.0,134.0,5.0,4291.044776119403,26.8,52.33,4.89,4.102018127892833,1083
375000.0,51.0,3.0,7352.941176470588,17.0,52.370000000000005,4.86,2.88960514368698,1056
1650000.0,235.0,7.0,7021.276595744681,33.57142857142857,52.36,4.82,5.758351109765778,1065
325000.0,37.0,2.0,8783.783783783783,18.5,52.35,4.89,2.0252724869051812,1072
800000.0,98.0,3.0,8163.265306122449,32.666666666666664,52.35,4.9,2.376626303639746,1078
1950000.0,258.0,4.0,7558.139534883721,64.5,52.39,4.89,2.277266307279593,1013
735000.0,83.0,3.0,8855.421686746988,27.666666666666668,52.34,4.86,3.887478624420216,1076
475000.0,74.0,3.0,6418.918918918919,24.666666666666668,52.370000000000005,4.87,2.6211297915796448,1053
275000.0,31.0,2.0,8870.967741935483,15.5,52.33,4.88,4.310185510116987,1083
375000.0,47.0,2.0,7978.723404255319,23.5,52.35,4.9,1.6853687390500314,1073
570000.0,63.0,3.0,9047.619047619048,21.0,52.36,4.86,3.2174747290137855,1054
375000.0,43.0,2.0,8720.93023255814,21.5,52.370000000000005,4.92,1.218260996925099,1018
895000.0,163.0,6.0,5490.79754601227,27.166666666666668,52.370000000000005,4.94,2.3230737962324794,1019
365000.0,49.0,3.0,7448.9795918367345,16.333333333333332,52.370000000000005,4.8500000000000005,3.427032878841932,1056
550000.0,62.0,3.0,8870.967741935483,20.666666666666668,52.370000000000005,4.87,2.045156931887895,1053
325000.0,91.0,4.0,3571.4285714285716,22.75,52.300000000000004,4.99,9.362185517283605,1106
429000.0,50.0,3.0,8580.0,16.666666666666668,52.36,4.91,0.503561439391502,1018
650000.0,120.0,4.0,5416.666666666667,30.0,52.36,4.92,1.4521334461737847,1093
350000.0,55.0,3.0,6363.636363636364,18.333333333333332,52.370000000000005,4.8500000000000005,3.9124778432105036,1056
475000.0,79.0,3.0,6012.658227848101,26.333333333333332,52.36,4.94,2.6948492142362386,1095
325000.0,99.0,3.0,3282.8282828282827,33.0,52.31,4.98,7.946614450322809,1104
425000.0,82.0,3.0,5182.926829268293,27.333333333333332,52.36,4.83,4.933830715451007,1064
350000.0,77.0,4.0,4545.454545454545,19.25,52.39,4.95,4.1215575409453615,1024
350000.0,81.0,3.0,4320.9876543209875,27.0,52.36,4.84,4.537452608502403,1062
375000.0,93.0,4.0,4032.2580645161293,23.25,52.36,4.82,6.1783177721183264,1068
450000.0,73.0,3.0,6164.3835616438355,24.333333333333332,52.39,4.88,2.9367616909728596,1013
1185000.0,160.0,5.0,7406.25,32.0,52.36,4.89,0.9263804066451864,1017
385000.0,74.0,3.0,5202.7027027027025,24.666666666666668,52.410000000000004,4.92,4.492850888721586,1034
687500.0,86.0,4.0,7994.186046511628,21.5,52.35,4.86,3.69273456027914,1075
585000.0,52.0,4.0,11250.0,13.0,52.42,4.89,6.049820242306536,1035
1295000.0,145.0,5.0,8931.034482758621,29.0,52.370000000000005,4.9,0.3142359148350797,1011
375000.0,61.0,3.0,6147.540983606557,20.333333333333332,52.38,4.8500000000000005,3.8008694507938805,1055
500000.0,86.0,4.0,5813.953488372093,21.5,52.370000000000005,4.94,2.735789621216816,1095
300000.0,78.0,4.0,3846.153846153846,19.5,52.39,4.95,4.340575596254406,1024
375000.0,52.0,4.0,7211.538461538462,13.0,52.38,4.86,3.107628899116892,1056
400000.0,51.0,2.0,7843.137254901961,25.5,52.36,4.86,3.28501622694656,1058
850000.0,117.0,5.0,7264.957264957265,23.4,52.35,4.89,2.436365667409436,1078
550000.0,72.0,3.0,7638.888888888889,24.0,52.36,4.86,3.176141794068826,1054
275000.0,56.0,2.0,4910.714285714285,28.0,52.4,4.96,4.894383030745485,1024
330000.0,54.0,3.0,6111.111111111111,18.0,52.38,4.8500000000000005,4.095399911103686,1055
700000.0,102.0,3.0,6862.745098039216,34.0,52.370000000000005,4.97,4.4712193388856765,1095
500000.0,72.0,2.0,6944.444444444444,36.0,52.34,4.92,3.0248364378337484,1097
369000.0,47.0,3.0,7851.063829787234,15.666666666666666,52.36,4.93,2.0160015295829044,1094
245000.0,68.0,3.0,3602.9411764705883,22.666666666666668,52.29,4.97,9.469358999028898,1107
350000.0,65.0,4.0,5384.615384615385,16.25,52.410000000000004,4.89,5.109711499799667,1033
425000.0,69.0,3.0,6159.420289855072,23.0,52.38,4.8500000000000005,3.8820948305990397,1055
375000.0,94.0,4.0,3989.3617021276596,23.5,52.38,4.8,7.15504025737443,1067
335000.0,92.0,4.0,3641.304347826087,23.0,52.39,4.94,3.7325932644348025,1025
450000.0,56.0,3.0,8035.714285714285,18.666666666666668,52.35,4.89,2.282835659801041,1072
395000.0,101.0,5.0,3910.891089108911,20.2,52.29,4.99,10.304781184086735,1107
300000.0,45.0,2.0,6666.666666666667,22.5,52.370000000000005,4.87,2.360201004041923,1052
450000.0,84.0,3.0,5357.142857142857,28.0,52.370000000000005,4.94,2.7304290129121824,1095
415000.0,51.0,2.0,8137.254901960784,25.5,52.370000000000005,4.8500000000000005,3.430152712311838,1057
650000.0,67.0,4.0,9701.492537313432,16.75,52.36,4.9,0.8017024383227511,1017
425000.0,52.0,2.0,8173.076923076923,26.0,52.39,4.88,3.169531577347266,1013
469000.0,67.0,2.0,7000.0,33.5,52.38,4.88,2.226187678699141,1015
485000.0,73.0,4.0,6643.835616438356,18.25,52.370000000000005,4.92,1.4026700957927245,1018
225000.0,32.0,1.0,7031.25,32.0,52.38,4.86,3.2926716842196733,1055
285000.0,29.0,2.0,9827.586206896553,14.5,52.38,4.88,2.507488514140502,1052
995000.0,97.0,2.0,10257.731958762886,48.5,52.370000000000005,4.88,1.3143257921358844,1016
1475000.0,220.0,5.0,6704.545454545455,44.0,52.370000000000005,4.92,1.1178875117904206,1018
475000.0,60.0,3.0,7916.666666666667,20.0,52.370000000000005,4.87,2.470340888992938,1053
475000.0,124.0,5.0,3830.6451612903224,24.8,52.36,4.84,4.545570121572011,1061
395000.0,56.0,2.0,7053.571428571428,28.0,52.35,4.8500000000000005,4.346837655915316,1059
375000.0,47.0,2.0,7978.723404255319,23.5,52.370000000000005,4.9,0.7184448200499643,1012
400000.0,37.0,2.0,10810.81081081081,18.5,52.35,4.86,3.6985468669524475,1075
325000.0,42.0,2.0,7738.0952380952385,21.0,52.39,4.88,3.0999466528982476,1013
400000.0,53.0,3.0,7547.169811320755,17.666666666666668,52.34,4.86,3.743849464485377,1076
475000.0,80.0,3.0,5937.5,26.666666666666668,52.34,4.87,3.6213417605749965,1077
425000.0,68.0,3.0,6250.0,22.666666666666668,52.35,4.94,3.220872928335875,1098
375000.0,101.0,3.0,3712.871287128713,33.666666666666664,52.38,4.82,5.906385188808267,1063
365000.0,47.0,2.0,7765.95744680851,23.5,52.38,4.87,2.757815516632077,1051
500000.0,67.0,3.0,7462.686567164179,22.333333333333332,52.36,4.93,2.0046016113956884,1092
450000.0,92.0,3.0,4891.304347826087,30.666666666666668,52.35,4.84,4.9249731189767,1062
725000.0,95.0,3.0,7631.578947368421,31.666666666666668,52.38,4.89,1.6438379854339733,1015
225000.0,52.0,2.0,4326.923076923077,26.0,52.33,4.98,6.815214156415233,1103
375000.0,55.0,3.0,6818.181818181818,18.333333333333332,52.370000000000005,4.86,2.930701132461932,1056
495000.0,74.0,3.0,6689.189189189189,24.666666666666668,52.38,4.87,3.1266590017503333,1051
475000.0,58.0,3.0,8189.6551724137935,19.333333333333332,52.36,4.89,1.3345131906335443,1017
450000.0,53.0,2.0,8490.566037735849,26.5,52.370000000000005,4.88,1.4957919458357614,1017
475000.0,66.0,3.0,7196.969696969697,22.0,52.35,4.91,2.2975115637690506,1078
475000.0,62.0,3.0,7661.290322580645,20.666666666666668,52.35,4.8500000000000005,4.151841192046349,1058
345000.0,61.0,3.0,5655.737704918033,20.333333333333332,52.36,4.8,7.232105000450719,1068
369000.0,78.0,3.0,4730.7692307692305,26.0,52.35,4.84,4.688158851574977,1062
320000.0,91.0,4.0,3516.4835164835163,22.75,52.29,4.98,9.786804322804164,1107
465000.0,66.0,3.0,7045.454545454545,22.0,52.39,4.92,2.2728424185228833,1021
340000.0,35.0,2.0,9714.285714285714,17.5,52.370000000000005,4.9,0.7666774997836435,1012
375000.0,111.0,5.0,3378.3783783783783,22.2,52.300000000000004,4.97,8.668269087537011,1106
595000.0,93.0,3.0,6397.8494623655915,31.0,52.36,4.91,1.2563917325061507,1091
525000.0,92.0,3.0,5706.521739130435,30.666666666666668,52.370000000000005,4.94,2.222057798386946,1019
245000.0,61.0,3.0,4016.3934426229507,20.333333333333332,52.36,4.79,7.911805555859807,1069
275000.0,85.0,4.0,3235.294117647059,21.25,52.4,4.95,4.725532246187628,1024
575000.0,72.0,2.0,7986.111111111111,36.0,52.370000000000005,4.93,1.8959256895395713,1018
250000.0,70.0,3.0,3571.4285714285716,23.333333333333332,52.29,4.97,9.5180947786857,1107
975000.0,165.0,5.0,5909.090909090909,33.0,52.370000000000005,4.95,2.9347683151813566,1019
375000.0,52.0,2.0,7211.538461538462,26.0,52.38,4.88,2.216162491418833,1052
1100000.0,159.0,5.0,6918.238993710692,31.8,52.34,4.92,3.4356737820761074,1096
750000.0,102.0,3.0,7352.941176470588,34.0,52.39,4.88,3.5335876517836184,1013
439000.0,55.0,3.0,7981.818181818182,18.333333333333332,52.370000000000005,4.9,0.8226558081037203,1011
375000.0,57.0,2.0,6578.9473684210525,28.5,52.35,4.92,1.9104295914518559,1091
445000.0,66.0,3.0,6742.424242424242,22.0,52.370000000000005,4.91,0.4056239504833711,1011
325000.0,77.0,4.0,4220.779220779221,19.25,52.4,4.95,4.286824374090284,1024
415000.0,57.0,2.0,7280.701754385965,28.5,52.370000000000005,4.87,2.694427572658101,1056
300000.0,43.0,2.0,6976.7441860465115,21.5,52.370000000000005,4.87,2.417129911847423,1053
915000.0,88.0,5.0,10397.727272727272,17.6,52.38,4.89,1.6016792466914684,1015
685000.0,183.0,6.0,3743.1693989071036,30.5,52.35,4.7700000000000005,9.157680431918038,1060
350000.0,50.0,3.0,7000.0,16.666666666666668,52.370000000000005,4.8500000000000005,3.573742612936826,1057
1025000.0,135.0,4.0,7592.592592592592,33.75,52.35,4.88,2.960496632650309,1077
895000.0,177.0,4.0,5056.497175141243,44.25,52.370000000000005,4.92,1.5438867303587316,1018
350000.0,59.0,2.0,5932.203389830508,29.5,52.36,4.84,4.12717041765976,1058
265000.0,65.0,3.0,4076.923076923077,21.666666666666668,52.38,4.82,6.139082751824988,1063
500000.0,100.0,4.0,5000.0,25.0,52.35,4.8,7.351416979528039,1066
295000.0,106.0,4.0,2783.0188679245284,26.5,52.300000000000004,4.98,9.499369836060241,1107
1175000.0,159.0,7.0,7389.937106918239,22.714285714285715,52.35,4.87,2.9313740266081005,1077
995000.0,113.0,3.0,8805.309734513274,37.666666666666664,52.370000000000005,4.89,1.3161325577022305,1016
385000.0,54.0,2.0,7129.62962962963,27.0,52.35,4.89,2.325587474521036,1072
550000.0,89.0,4.0,6179.775280898876,22.25,52.370000000000005,4.87,2.3034385285803167,1053
325000.0,40.0,2.0,8125.0,20.0,52.36,4.86,2.815021169016662,1053
225000.0,62.0,2.0,3629.032258064516,31.0,52.31,4.96,7.389419258716928,1102
395000.0,66.0,3.0,5984.848484848485,22.0,52.32,4.89,4.923538844248041,1083
425000.0,102.0,4.0,4166.666666666667,25.5,52.38,4.79,7.951848432780605,1067
525000.0,64.0,4.0,8203.125,16.0,52.370000000000005,4.88,1.7279748746235604,1016
800000.0,132.0,6.0,6060.606060606061,22.0,52.35,4.82,5.660942295750578,1065
400000.0,88.0,4.0,4545.454545454545,22.0,52.36,4.8100000000000005,6.709418820063304,1068
250000.0,50.0,2.0,5000.0,25.0,52.4,4.96,4.883425188591138,1024
360000.0,41.0,2.0,8780.487804878048,20.5,52.38,4.87,2.6658268326571193,1051
1050000.0,154.0,4.0,6818.181818181818,38.5,52.370000000000005,4.97,4.448785857399333,1095
799000.0,230.0,8.0,3473.913043478261,28.75,52.39,4.96,4.575159618347341,1024
1700000.0,194.0,6.0,8762.886597938144,32.333333333333336,52.36,4.9,0.9026457455901609,1017
825000.0,178.0,7.0,4634.831460674157,25.428571428571427,52.32,4.87,5.346655316345287,1082
290000.0,50.0,2.0,5800.0,25.0,52.38,4.83,4.862645942821116,1063
469000.0,50.0,3.0,9380.0,16.666666666666668,52.38,4.89,1.421981295575219,1015
625000.0,74.0,3.0,8445.945945945947,24.666666666666668,52.370000000000005,4.9,0.3220925348676159,1017
1050000.0,149.0,8.0,7046.979865771812,18.625,52.36,4.9,0.5205202985040471,1018
540000.0,79.0,4.0,6835.443037974684,19.75,52.410000000000004,4.88,5.306019077474469,1033
285000.0,96.0,4.0,2968.75,24.0,52.32,4.97,7.270186293315343,1104
859000.0,168.0,3.0,5113.0952380952385,56.0,52.35,5.0200000000000005,7.889190423031299,1087
275000.0,63.0,2.0,4365.079365079365,31.5,52.4,4.94,4.0115599416418934,1025
525000.0,153.0,6.0,3431.372549019608,25.5,52.35,4.78,8.765081564669247,1060
375000.0,73.0,4.0,5136.986301369863,18.25,52.36,4.83,5.40623824909125,1065
399500.0,89.0,2.0,4488.76404494382,44.5,52.36,4.8100000000000005,6.632132945549008,1068
430000.0,103.0,4.0,4174.757281553398,25.75,52.36,4.8100000000000005,6.581007033195807,1068
1300000.0,141.0,4.0,9219.85815602837,35.25,52.33,4.9,3.8271999500550296,1096
1750000.0,130.0,3.0,13461.538461538461,43.333333333333336,52.34,4.87,4.10272343168491,1082
950000.0,109.0,4.0,8715.59633027523,27.25,52.38,4.88,2.021811383661153,1015
1450000.0,150.0,3.0,9666.666666666666,50.0,52.370000000000005,4.89,1.029007643663599,1012
285000.0,69.0,3.0,4130.434782608696,23.0,52.32,4.98,7.454280328738533,1104
300000.0,54.0,2.0,5555.555555555556,27.0,52.38,4.8500000000000005,4.31359901598941,1055
1500000.0,166.0,4.0,9036.144578313253,41.5,52.33,4.86,5.64635247516219,1081
685000.0,107.0,4.0,6401.869158878505,26.75,52.34,4.87,3.7432941199003906,1077
989000.0,171.0,5.0,5783.625730994152,34.2,52.42,4.89,5.825639861765034,1035
765000.0,100.0,4.0,7650.0,25.0,52.410000000000004,4.96,6.273199792184439,1027
900000.0,159.0,9.0,5660.377358490566,17.666666666666668,52.32,4.89,5.003282137277987,1083
665000.0,118.0,4.0,5635.593220338983,29.5,52.36,4.94,2.6852999411780862,1098
475000.0,98.0,4.0,4846.938775510204,24.5,52.38,4.84,4.645186281287827,1061
300000.0,78.0,4.0,3846.153846153846,19.5,52.39,4.95,4.324610005877713,1024
350000.0,103.0,4.0,3398.0582524271845,25.75,52.38,4.8100000000000005,6.533270681391344,1064
450000.0,45.0,2.0,10000.0,22.5,52.36,4.91,0.9854061888165908,1091
600000.0,145.0,4.0,4137.931034482759,36.25,52.33,4.8,7.997344578729254,1066
350000.0,39.0,2.0,8974.358974358975,19.5,52.39,4.87,2.7992001084967155,1051
595000.0,100.0,3.0,5950.0,33.333333333333336,52.36,4.84,4.2385387864664,1058
335000.0,42.0,2.0,7976.190476190476,21.0,52.36,4.86,2.8776250270968062,1053
1295000.0,154.0,4.0,8409.09090909091,38.5,52.35,4.87,3.2468245380237706,1077
825000.0,103.0,3.0,8009.708737864078,34.333333333333336,52.36,4.89,1.8002638741788728,1071
325000.0,85.0,4.0,3823.529411764706,21.25,52.31,4.98,8.215896843973209,1108
450000.0,115.0,3.0,3913.0434782608695,38.333333333333336,52.35,4.8,7.384420537007237,1069
1450000.0,125.0,2.0,11600.0,62.5,52.370000000000005,4.89,0.8458299771647823,1012
585000.0,99.0,3.0,5909.090909090909,33.0,52.370000000000005,4.84,4.6509425219958995,1061
1200000.0,105.0,4.0,11428.57142857143,26.25,52.38,4.89,1.8113084376010415,1015
1550000.0,153.0,5.0,10130.718954248367,30.6,52.36,4.88,1.6581681175310203,1071
1250000.0,147.0,4.0,8503.401360544218,36.75,52.39,4.89,2.1197663927949018,1013
998000.0,121.0,2.0,8247.933884297521,60.5,52.38,4.89,1.5302576988194851,1015
395000.0,54.0,3.0,7314.814814814815,18.0,52.370000000000005,4.86,3.1864792627955736,1057
935000.0,85.0,3.0,11000.0,28.333333333333332,52.370000000000005,4.89,1.0880639501187555,1017
1050000.0,63.0,3.0,16666.666666666668,21.0,52.370000000000005,4.91,0.39755212981299415,1018
729000.0,110.0,5.0,6627.272727272727,22.0,52.38,4.9,0.8513183730779247,1012
699000.0,130.0,5.0,5376.923076923077,26.0,52.34,4.79,8.278963411851702,1060
1500000.0,255.0,7.0,5882.35294117647,36.42857142857143,52.35,4.79,8.128943975325292,1060
400000.0,25.0,2.0,16000.0,12.5,52.36,4.96,4.001155663504271,1087
550000.0,102.0,4.0,5392.156862745098,25.5,52.38,4.86,3.396100278043917,1055
950000.0,133.0,7.0,7142.857142857143,19.0,52.38,4.64,17.696902017742715,1016
975000.0,93.0,3.0,10483.870967741936,31.0,52.35,4.88,2.049082639241229,1071
295000.0,79.0,3.0,3734.1772151898736,26.333333333333332,52.36,4.8100000000000005,6.644900105207938,1068
350000.0,71.0,4.0,4929.577464788732,17.75,52.38,4.8,6.97131546943869,1067
685000.0,110.0,4.0,6227.272727272727,27.5,52.33,4.9,3.843250753644826,1096
1499000.0,245.0,8.0,6118.367346938776,30.625,52.36,4.8500000000000005,3.526340698010435,1058
1275000.0,165.0,5.0,7727.272727272727,33.0,52.370000000000005,4.88,1.5030238896687556,1016
375000.0,38.0,1.0,9868.421052631578,38.0,52.36,4.89,1.3263097016934675,1017
1595000.0,199.0,6.0,8015.075376884422,33.166666666666664,52.38,4.89,1.4167667261515486,1015
439000.0,48.0,2.0,9145.833333333334,24.0,52.370000000000005,4.92,0.9423050552629616,1018
785000.0,95.0,5.0,8263.157894736842,19.0,52.370000000000005,4.86,2.8945723594907395,1057
395000.0,68.0,3.0,5808.823529411765,22.666666666666668,52.39,4.92,2.5309577789494866,1021
595000.0,78.0,3.0,7628.205128205128,26.0,52.38,4.89,1.5269907689295,1013
875000.0,117.0,3.0,7478.6324786324785,39.0,52.370000000000005,4.91,0.449173576030694,1011
295000.0,29.0,2.0,10172.413793103447,14.5,52.370000000000005,4.89,1.1248090540081481,1017
520000.0,80.0,2.0,6500.0,40.0,52.33,4.87,4.678044978001272,1082
439000.0,57.0,3.0,7701.754385964912,19.0,52.35,4.86,3.6372895032309995,1076
410000.0,66.0,4.0,6212.121212121212,16.5,52.36,4.92,1.5453390281307748,1092
275000.0,23.0,1.0,11956.521739130434,23.0,52.38,4.88,2.027079014251697,1015
350000.0,45.0,2.0,7777.777777777777,22.5,52.38,4.87,2.661751904100662,1051
1795000.0,158.0,6.0,11360.759493670887,26.333333333333332,52.35,4.91,1.9522132576664548,1091
835000.0,120.0,5.0,6958.333333333333,24.0,52.38,4.88,2.1415276915486654,1015
985000.0,111.0,5.0,8873.873873873874,22.2,52.370000000000005,4.89,1.056934718808413,1012
425000.0,56.0,2.0,7589.285714285715,28.0,52.34,4.94,4.189558328644789,1051
635000.0,58.0,3.0,10948.275862068966,19.333333333333332,52.370000000000005,4.91,0.6245507309792742,1011
999500.0,151.0,3.0,6619.205298013245,50.333333333333336,52.38,4.91,0.9953930010751301,1011
1050000.0,151.0,4.0,6953.64238410596,37.75,52.36,4.88,1.7181018296163209,1054
225000.0,60.0,3.0,3750.0,20.0,52.35,4.79,7.876012205124404,1069
1099000.0,165.0,5.0,6660.606060606061,33.0,52.35,4.88,2.9811083317568645,1077
895000.0,103.0,3.0,8689.320388349515,34.333333333333336,52.36,4.89,1.8002638741788728,1071
899000.0,258.0,1.0,3484.4961240310076,258.0,52.410000000000004,4.97,6.46807033943059,1027
799000.0,146.0,5.0,5472.602739726028,29.2,52.34,4.86,4.093550802405513,1076
719000.0,129.0,4.0,5573.643410852713,32.25,52.34,4.8,7.439962075247519,1066
750000.0,119.0,6.0,6302.5210084033615,19.833333333333332,52.38,4.89,1.7043629953153245,1013
285000.0,37.0,2.0,7702.7027027027025,18.5,52.34,4.8100000000000005,7.029615008614687,1066
285000.0,37.0,2.0,7702.7027027027025,18.5,52.34,4.8100000000000005,7.029615008614687,1066
900000.0,111.0,2.0,8108.108108108108,55.5,52.38,4.89,1.495820450821107,1015
475000.0,93.0,3.0,5107.5268817204305,31.0,52.35,5.01,7.4767261218391745,1087
545000.0,110.0,4.0,4954.545454545455,27.5,52.38,4.79,7.93922653511383,1067
685000.0,94.0,3.0,7287.234042553191,31.333333333333332,52.370000000000005,4.87,2.197167372274132,1052
650000.0,81.0,3.0,8024.691358024691,27.0,52.370000000000005,4.9,0.46441478881873,1017
1100011.0,207.0,5.0,5314.062801932367,41.4,52.4,4.9,3.7189636892765288,1032
1200000.0,81.0,3.0,14814.814814814816,27.0,52.36,4.86,3.3389730401553823,1054
1495000.0,214.0,5.0,6985.981308411215,42.8,52.410000000000004,5.03,9.929065859089357,1028
295000.0,47.0,2.0,6276.595744680851,23.5,52.38,4.86,3.2926716842196733,1055
1000000.0,117.0,4.0,8547.008547008547,29.25,52.370000000000005,4.89,0.7888048268335521,1012
1150000.0,162.0,5.0,7098.765432098766,32.4,52.38,4.89,1.2604332105653577,1012
1350000.0,173.0,5.0,7803.468208092486,34.6,52.36,4.89,1.8093276328245653,1072
1650000.0,232.0,9.0,7112.068965517241,25.77777777777778,52.36,4.89,1.8131909956064691,1072
1050000.0,216.0,7.0,4861.111111111111,30.857142857142858,52.36,4.98,5.182140352026642,1086
469000.0,90.0,3.0,5211.111111111111,30.0,52.370000000000005,4.9,0.7915705607351349,1011
669000.0,107.0,5.0,6252.336448598131,21.4,52.42,4.89,5.932801265618997,1035
300000.0,71.0,2.0,4225.352112676056,35.5,52.31,4.98,8.414847261167925,1108
425000.0,49.0,2.0,8673.469387755102,24.5,52.38,4.8500000000000005,3.804941315466625,1055
749000.0,150.0,5.0,4993.333333333333,30.0,52.370000000000005,4.91,0.4067947701151953,1087
700000.0,186.0,8.0,3763.440860215054,23.25,52.35,4.79,8.332284844873852,1060
389000.0,30.0,2.0,12966.666666666666,15.0,52.370000000000005,4.91,0.7338458692673978,1011
900000.0,187.0,6.0,4812.834224598931,31.166666666666668,52.34,4.8,7.758957808108468,1066
1750000.0,246.0,8.0,7113.821138211382,30.75,52.370000000000005,4.91,0.4067947701151953,1019
275000.0,85.0,4.0,3235.294117647059,21.25,52.32,4.94,5.83574594066212,1102
400000.0,79.0,3.0,5063.291139240507,26.333333333333332,52.34,4.83,5.895348204781909,1066
850000.0,110.0,2.0,7727.272727272727,55.0,52.36,4.94,2.311497368171052,1094
1700000.0,203.0,5.0,8374.384236453201,40.6,52.35,4.87,3.0471614377450424,1077
1495000.0,175.0,6.0,8542.857142857143,29.166666666666668,52.370000000000005,4.89,1.0912728503014286,1017
549000.0,91.0,5.0,6032.9670329670325,18.2,52.38,4.94,2.845803394573662,1019
1375000.0,115.0,3.0,11956.521739130434,38.333333333333336,52.36,4.88,1.6756125608621961,1071
1250000.0,165.0,7.0,7575.757575757576,23.571428571428573,52.370000000000005,4.88,1.8097715938245154,1016
500000.0,72.0,2.0,6944.444444444444,36.0,52.38,4.89,1.8745041383301417,1013
575000.0,183.0,5.0,3142.0765027322404,36.6,52.42,4.88,6.014557859707294,1033
1425000.0,257.0,4.0,5544.747081712062,64.25,52.370000000000005,4.91,0.6872605700176481,1011
1695000.0,117.0,3.0,14487.179487179486,39.0,52.36,4.88,2.1349102400391806,1071
515000.0,130.0,4.0,3961.5384615384614,32.5,52.35,4.78,8.443117821973797,1060
1095000.0,134.0,3.0,8171.641791044776,44.666666666666664,52.34,4.87,4.124605865253346,1082
519900.0,120.0,5.0,4332.5,24.0,52.4,4.94,4.332711454725403,1025
700000.0,88.0,5.0,7954.545454545455,17.6,52.36,4.9,0.4226124748880006,1018
1149000.0,141.0,6.0,8148.936170212766,23.5,52.35,4.89,2.3950591300967585,1078
280000.0,93.0,4.0,3010.7526881720432,23.25,52.31,4.96,7.4373204813445355,1102
600000.0,129.0,4.0,4651.162790697675,32.25,52.370000000000005,4.91,0.27277004332389865,1011
950000.0,94.0,1.0,10106.382978723404,94.0,52.39,4.89,3.132105446060271,1014
849000.0,120.0,3.0,7075.0,40.0,52.38,4.89,1.1187788625639996,1012
850000.0,149.0,7.0,5704.697986577181,21.285714285714285,52.370000000000005,4.86,3.0399316070827913,1057
750750.0,114.0,4.0,6585.526315789473,28.5,52.35,4.9,2.0403920891263834,1073
1400000.0,213.0,7.0,6572.769953051643,30.428571428571427,52.370000000000005,4.9,0.7909943260727876,1012
899000.0,128.0,5.0,7023.4375,25.6,52.410000000000004,4.96,6.058351350137343,1027
895000.0,95.0,3.0,9421.052631578947,31.666666666666668,52.410000000000004,4.96,6.058351350137343,1027
1695000.0,467.0,14.0,3629.5503211991436,33.357142857142854,52.410000000000004,4.97,6.714900235588781,1027
1085000.0,131.0,5.0,8282.442748091604,26.2,52.35,4.88,2.928934711769469,1077
300000.0,30.0,3.0,10000.0,10.0,52.35,4.83,5.120802188160891,1065
649000.0,82.0,3.0,7914.634146341464,27.333333333333332,52.370000000000005,4.91,0.5414331976964687,1011
785000.0,105.0,5.0,7476.190476190476,21.0,52.370000000000005,4.91,0.5414331976964687,1011
565000.0,94.0,3.0,6010.63829787234,31.333333333333332,52.36,4.83,5.387825121353572,1065
1395000.0,133.0,3.0,10488.721804511279,44.333333333333336,52.42,4.9,5.715432403825692,1035
795000.0,102.0,3.0,7794.117647058823,34.0,52.36,4.88,1.3702606074095884,1017
1200000.0,121.0,4.0,9917.355371900827,30.25,52.370000000000005,4.88,1.5719880793759915,1016
995000.0,146.0,3.0,6815.068493150685,48.666666666666664,52.370000000000005,4.9,0.6657163638535751,1017
775000.0,127.0,3.0,6102.36220472441,42.333333333333336,52.36,4.9,0.8773714242720534,1017
825000.0,148.0,3.0,5574.324324324324,49.333333333333336,52.36,4.9,0.8739400026320358,1017
1249000.0,258.0,5.0,4841.085271317829,51.6,52.410000000000004,4.97,6.46807033943059,1027
380000.0,100.0,4.0,3800.0,25.0,52.38,4.8,7.066763875027864,1067
450000.0,120.0,5.0,3750.0,24.0,52.32,4.96,6.578158253673294,1102
399000.0,66.0,2.0,6045.454545454545,33.0,52.38,4.92,1.8636043720513387,1019
650000.0,102.0,3.0,6372.549019607844,34.0,52.38,4.88,2.0200829014772155,1015
485000.0,109.0,1.0,4449.54128440367,109.0,52.35,4.82,6.423512436894251,1066
1599000.0,139.0,5.0,11503.597122302159,27.8,52.36,4.87,2.5068262134259016,1054
950000.0,226.0,7.0,4203.539823008849,32.285714285714285,52.35,4.78,8.948271272048407,1069
629000.0,127.0,4.0,4952.755905511811,31.75,52.34,4.79,8.13421115867083,1066
359000.0,69.0,4.0,5202.898550724638,17.25,52.38,4.97,4.478972845517847,1023
419000.0,75.0,4.0,5586.666666666667,18.75,52.370000000000005,4.95,3.270732788424494,1095
250000.0,60.0,3.0,4166.666666666667,20.0,52.32,4.95,5.974346315519137,1102
320000.0,104.0,5.0,3076.923076923077,20.8,52.300000000000004,4.98,9.322746369561749,1106
415000.0,115.0,4.0,3608.695652173913,28.75,52.32,4.96,6.4483561946471175,1103
750000.0,124.0,5.0,6048.387096774193,24.8,52.36,4.92,1.1120615457825307,1018
420000.0,73.0,3.0,5753.424657534247,24.333333333333332,52.33,4.86,5.381895053791144,1081
525000.0,63.0,3.0,8333.333333333334,21.0,52.38,4.89,2.0593304029841275,1013
550000.0,107.0,4.0,5140.186915887851,26.75,52.35,5.0,6.551480343426705,1087
450000.0,60.0,4.0,7500.0,15.0,52.36,4.93,2.1016507381805454,1093
425000.0,54.0,3.0,7870.37037037037,18.0,52.35,4.86,3.772113548762349,1076
699000.0,108.0,6.0,6472.222222222223,18.0,52.370000000000005,4.88,1.8718104046841768,1016
675000.0,95.0,3.0,7105.263157894737,31.666666666666668,52.35,4.91,1.563759582014231,1074
1150000.0,150.0,5.0,7666.666666666667,30.0,52.36,4.8500000000000005,3.5335328051269776,1058
1250000.0,131.0,4.0,9541.984732824427,32.75,52.39,4.88,3.4305916146150914,1014
1450000.0,158.0,4.0,9177.215189873417,39.5,52.39,4.88,3.4342493024460774,1014
240000.0,26.0,1.0,9230.76923076923,26.0,52.370000000000005,4.91,0.7223519090371169,1018
345000.0,80.0,3.0,4312.5,26.666666666666668,52.35,4.8,7.62468519739969,1069
425000.0,56.0,3.0,7589.285714285715,18.666666666666668,52.370000000000005,4.88,1.68737590986731,1016
250000.0,60.0,2.0,4166.666666666667,30.0,52.33,4.95,5.567753342158129,1102
485000.0,59.0,3.0,8220.338983050848,19.666666666666668,52.36,4.93,1.8003800899640205,1092
1200000.0,166.0,5.0,7228.915662650603,33.2,52.36,4.87,2.2512099404468695,1054
325000.0,71.0,4.0,4577.4647887323945,17.75,52.35,4.83,5.483381631935204,1065
275000.0,39.0,2.0,7051.282051282052,19.5,52.38,4.84,4.544782669370355,1061
365000.0,78.0,3.0,4679.48717948718,26.0,52.33,4.89,4.1471687521082,1083
300000.0,84.0,4.0,3571.4285714285716,21.0,52.29,4.99,10.135539169402385,1107
485000.0,67.0,3.0,7238.805970149254,22.333333333333332,52.38,4.87,2.4258172673857374,1052
725000.0,87.0,4.0,8333.333333333334,21.75,52.38,4.88,2.2768136271926602,1015
325000.0,87.0,3.0,3735.632183908046,29.0,52.35,4.79,8.148359916012328,1060
225000.0,61.0,3.0,3688.5245901639346,20.333333333333332,52.32,4.95,6.020610623835005,1102
690000.0,100.0,3.0,6900.0,33.333333333333336,52.39,4.88,3.324127256598349,1014
250000.0,28.0,1.0,8928.57142857143,28.0,52.38,4.88,2.0841765599689346,1015
825000.0,114.0,3.0,7236.8421052631575,38.0,52.36,4.87,2.6188954337022095,1054
239000.0,53.0,3.0,4509.433962264151,17.666666666666668,52.32,4.98,6.9590481644475695,1103
400000.0,49.0,2.0,8163.265306122449,24.5,52.370000000000005,4.87,2.1733424808825363,1053
430000.0,58.0,3.0,7413.793103448276,19.333333333333332,52.35,4.8500000000000005,4.069668202972444,1058
485000.0,65.0,3.0,7461.538461538462,21.666666666666668,52.35,4.94,3.1905332471460124,1098
300000.0,44.0,2.0,6818.181818181818,22.0,52.370000000000005,4.8500000000000005,3.5322916204477033,1057
550000.0,61.0,3.0,9016.393442622952,20.333333333333332,52.35,4.88,2.131346142641863,1071
325000.0,41.0,2.0,7926.829268292683,20.5,52.38,4.87,2.648144663486771,1051
250000.0,29.0,2.0,8620.689655172413,14.5,52.370000000000005,4.87,2.1231334424635904,1053
675000.0,109.0,3.0,6192.660550458716,36.333333333333336,52.370000000000005,4.8500000000000005,3.862192334763283,1056
295000.0,91.0,4.0,3241.7582417582416,22.75,52.35,4.8,7.705455420316526,1069
350000.0,92.0,3.0,3804.3478260869565,30.666666666666668,52.39,4.95,4.458620660964677,1024
375000.0,98.0,5.0,3826.530612244898,19.6,52.29,4.99,10.180245800362902,1107
360000.0,53.0,2.0,6792.452830188679,26.5,52.38,4.86,3.2568429138427484,1055
325000.0,85.0,4.0,3823.529411764706,21.25,52.42,4.9,5.824447503864144,1035
250000.0,61.0,2.0,4098.360655737705,30.5,52.38,4.8100000000000005,6.488944585413051,1063
550000.0,102.0,3.0,5392.156862745098,34.0,52.36,4.95,2.890364801879823,1095
325000.0,76.0,3.0,4276.315789473684,25.333333333333332,52.410000000000004,4.91,4.372311635346661,1034
235000.0,26.0,2.0,9038.461538461539,13.0,52.36,4.94,2.8455460806386847,1095
450000.0,56.0,2.0,8035.714285714285,28.0,52.35,4.9,1.5005500229365518,1074
245000.0,71.0,3.0,3450.7042253521126,23.666666666666668,52.300000000000004,4.98,9.22717245822619,1106
1400000.0,153.0,4.0,9150.32679738562,38.25,52.35,4.88,3.0522272422135655,1077
650000.0,90.0,3.0,7222.222222222223,30.0,52.39,4.9,2.15906175094574,1031
465000.0,67.0,3.0,6940.298507462687,22.333333333333332,52.35,4.8500000000000005,4.33998842137694,1059
735000.0,104.0,3.0,7067.307692307692,34.666666666666664,52.35,4.87,3.0225088851402346,1077
675000.0,93.0,4.0,7258.064516129032,23.25,52.36,4.9,1.0330079028231207,1074
425000.0,78.0,2.0,5448.717948717948,39.0,52.38,4.84,4.649027274878483,1061
635000.0,90.0,3.0,7055.555555555556,30.0,52.39,4.89,2.625609940934356,1013
300000.0,35.0,1.0,8571.42857142857,35.0,52.370000000000005,4.87,2.1479756057920625,1053
375000.0,99.0,4.0,3787.878787878788,24.75,52.32,4.98,7.439535894500738,1104
300000.0,35.0,2.0,8571.42857142857,17.5,52.35,4.89,2.0675418728271824,1072
910000.0,136.0,5.0,6691.176470588235,27.2,52.35,4.89,2.3167230832223766,1072
385000.0,65.0,3.0,5923.076923076923,21.666666666666668,52.33,4.88,4.318991178852055,1082
775000.0,93.0,3.0,8333.333333333334,31.0,52.370000000000005,4.88,1.9190391589858586,1053
349500.0,51.0,3.0,6852.941176470588,17.0,52.34,4.94,4.039905703871323,1097
375000.0,65.0,3.0,5769.2307692307695,21.666666666666668,52.38,4.8500000000000005,3.6777230589447374,1055
325000.0,41.0,2.0,7926.829268292683,20.5,52.38,4.87,2.8193900859572176,1051
295000.0,89.0,4.0,3314.6067415730336,22.25,52.32,4.95,5.608917370969057,1102
345000.0,50.0,2.0,6900.0,25.0,52.38,4.8500000000000005,4.20571217993867,1055
325000.0,88.0,3.0,3693.181818181818,29.333333333333332,52.36,4.8100000000000005,6.466122141476754,1068
245000.0,73.0,3.0,3356.1643835616437,24.333333333333332,52.29,4.98,9.795090507935882,1107
650000.0,70.0,3.0,9285.714285714286,23.333333333333332,52.35,4.89,1.6961335708096252,1072
450000.0,56.0,4.0,8035.714285714285,14.0,52.370000000000005,4.8500000000000005,3.6529175573773487,1056
525000.0,176.0,5.0,2982.9545454545455,35.2,52.32,4.99,8.001476944780407,1104
315000.0,81.0,3.0,3888.8888888888887,27.0,52.36,4.8100000000000005,6.628200547992793,1068
500000.0,83.0,4.0,6024.096385542169,20.75,52.4,4.92,3.246017008738463,1032
285000.0,36.0,2.0,7916.666666666667,18.0,52.39,4.89,2.6170658615253357,1013
600000.0,116.0,4.0,5172.413793103448,29.0,52.370000000000005,4.9,0.8795761457056982,1012
425000.0,67.0,3.0,6343.2835820895525,22.333333333333332,52.38,4.88,1.8319721494977474,1015
225000.0,53.0,3.0,4245.2830188679245,17.666666666666668,52.32,4.97,6.791216477629972,1103
440000.0,59.0,3.0,7457.627118644068,19.666666666666668,52.36,4.8500000000000005,3.701617555222248,1058
450000.0,85.0,3.0,5294.117647058823,28.333333333333332,52.370000000000005,4.94,2.3071509209435437,1019
425000.0,75.0,3.0,5666.666666666667,25.0,52.39,4.88,2.795206705499161,1013
230000.0,60.0,2.0,3833.3333333333335,30.0,52.32,4.94,5.85897135563701,1102
395000.0,69.0,3.0,5724.63768115942,23.0,52.370000000000005,4.93,1.5961114314020308,1018
550000.0,93.0,3.0,5913.978494623656,31.0,52.38,4.95,3.1842154687754474,1019
350000.0,93.0,3.0,3763.440860215054,31.0,52.32,4.96,6.6482101592775935,1102
335000.0,92.0,4.0,3641.304347826087,23.0,52.39,4.94,3.732133909618399,1025
300000.0,92.0,4.0,3260.8695652173915,23.0,52.410000000000004,4.92,4.952646218916158,1034
270000.0,84.0,3.0,3214.285714285714,28.0,52.300000000000004,4.98,9.181108202783072,1106
675000.0,136.0,5.0,4963.235294117647,27.2,52.410000000000004,4.93,4.890362324906943,1022
450000.0,73.0,3.0,6164.3835616438355,24.333333333333332,52.38,4.87,2.6460995182951224,1051
450000.0,53.0,2.0,8490.566037735849,26.5,52.35,4.9,1.5467201131788944,1074
549000.0,101.0,4.0,5435.6435643564355,25.25,52.39,4.91,2.360437214018076,1031
265000.0,58.0,3.0,4568.9655172413795,19.333333333333332,52.33,4.95,5.438305914902539,1102
395000.0,42.0,2.0,9404.761904761905,21.0,52.370000000000005,4.88,1.638603847910768,1016
275000.0,42.0,2.0,6547.619047619048,21.0,52.38,4.92,1.9166741686016067,1021
400000.0,61.0,2.0,6557.377049180328,30.5,52.370000000000005,4.86,3.1111766223331774,1057
450000.0,55.0,2.0,8181.818181818182,27.5,52.34,4.93,2.9417056799877335,1097
395000.0,63.0,2.0,6269.841269841269,31.5,52.370000000000005,4.89,1.046020599116491,1012
335000.0,61.0,2.0,5491.803278688524,30.5,52.39,4.88,2.8210759675002457,1013
425000.0,82.0,3.0,5182.926829268293,27.333333333333332,52.36,4.93,1.5178246715003818,1093
325000.0,35.0,2.0,9285.714285714286,17.5,52.38,4.87,2.8651728062923154,1051
590000.0,76.0,4.0,7763.1578947368425,19.0,52.38,4.8500000000000005,3.8936542561044454,1055
345000.0,48.0,2.0,7187.5,24.0,52.39,4.88,2.772168375587514,1013
398011.0,61.0,3.0,6524.770491803279,20.333333333333332,52.410000000000004,4.89,5.205362211208877,1033
900000.0,128.0,4.0,7031.25,32.0,52.370000000000005,4.92,1.2088966075173067,1018
400000.0,78.0,3.0,5128.205128205128,26.0,52.38,4.83,5.194029341953009,1063
825000.0,100.0,3.0,8250.0,33.333333333333336,52.35,4.88,2.9585507997811415,1077
415000.0,69.0,3.0,6014.492753623188,23.0,52.370000000000005,4.96,4.152142305648893,1095
685000.0,91.0,4.0,7527.472527472528,22.75,52.35,4.9,1.5005500229365518,1074
610000.0,77.0,4.0,7922.077922077922,19.25,52.370000000000005,4.8500000000000005,3.389620725249587,1057
295000.0,59.0,3.0,5000.0,19.666666666666668,52.39,4.95,4.148557416405092,1024
339000.0,47.0,2.0,7212.765957446809,23.5,52.36,4.93,1.6339991192844905,1093
310000.0,78.0,3.0,3974.358974358974,26.0,52.36,4.8100000000000005,6.634380864060189,1068
395000.0,115.0,6.0,3434.782608695652,19.166666666666668,52.300000000000004,5.0,9.955322271497518,1106
335000.0,49.0,2.0,6836.734693877551,24.5,52.36,4.93,2.086920912444008,1094
275000.0,64.0,2.0,4296.875,32.0,52.370000000000005,4.83,4.901258745546349,1064
425000.0,69.0,4.0,6159.420289855072,17.25,52.38,4.8500000000000005,3.9918767121353436,1055
225000.0,54.0,2.0,4166.666666666667,27.0,52.33,4.98,6.7113277014492905,1103
500000.0,113.0,6.0,4424.778761061947,18.833333333333332,52.38,4.83,5.338767893900441,1063
600000.0,159.0,6.0,3773.5849056603774,26.5,52.32,4.98,7.850411037956926,1104
300000.0,41.0,2.0,7317.073170731707,20.5,52.38,4.87,2.649156593603773,1051
350000.0,68.0,3.0,5147.058823529412,22.666666666666668,52.36,4.83,5.131374183677837,1065
475000.0,106.0,5.0,4481.132075471698,21.2,52.35,4.78,8.50402084421824,1060
510000.0,91.0,3.0,5604.395604395604,30.333333333333332,52.4,4.91,3.8048659745845104,1034
225000.0,60.0,2.0,3750.0,30.0,52.32,4.95,6.083469576518884,1102
545000.0,61.0,2.0,8934.426229508197,30.5,52.370000000000005,4.91,0.35299277119019146,1018
550000.0,66.0,2.0,8333.333333333334,33.0,52.36,4.9,0.8794623846395943,1017
225000.0,43.0,2.0,5232.558139534884,21.5,52.32,4.94,6.188378119277486,1102
320000.0,83.0,3.0,3855.421686746988,27.666666666666668,52.300000000000004,4.99,9.5180374526624,1106
360000.0,49.0,3.0,7346.938775510204,16.333333333333332,52.38,4.8500000000000005,3.6465102729210295,1055
475000.0,113.0,4.0,4203.539823008849,28.25,52.38,4.92,1.815311591749822,1021
425000.0,62.0,3.0,6854.8387096774195,20.666666666666668,52.38,4.8500000000000005,3.9015417735525713,1056
395000.0,81.0,3.0,4876.543209876543,27.0,52.33,4.88,4.96403674580483,1082
265000.0,71.0,3.0,3732.394366197183,23.666666666666668,52.32,4.94,5.979912541234305,1102
230000.0,53.0,2.0,4339.622641509434,26.5,52.32,4.94,5.882745240698941,1102
750000.0,116.0,4.0,6465.517241379311,29.0,52.39,4.91,2.895544243283559,1032
1000000.0,122.0,5.0,8196.72131147541,24.4,52.36,4.86,3.144368541151016,1054
825000.0,112.0,5.0,7366.071428571428,22.4,52.35,4.9,1.560925746594907,1073
425000.0,67.0,2.0,6343.2835820895525,33.5,52.34,4.88,3.1775577154507113,1077
369000.0,56.0,2.0,6589.285714285715,28.0,52.36,4.93,2.260604644477772,1094
300000.0,46.0,3.0,6521.739130434783,15.333333333333334,52.35,4.92,1.9438926701099808,1091
389000.0,61.0,1.0,6377.049180327869,61.0,52.4,4.91,3.5711441099340426,1032
300000.0,59.0,3.0,5084.745762711865,19.666666666666668,52.36,4.83,5.058738127308154,1065
800000.0,123.0,6.0,6504.065040650406,20.5,52.35,4.89,2.438480865221029,1078
600000.0,120.0,4.0,5000.0,30.0,52.38,4.97,4.314756821627581,1095
300000.0,65.0,3.0,4615.384615384615,21.666666666666668,52.39,4.95,4.362819856867203,1024
415000.0,54.0,2.0,7685.185185185185,27.0,52.35,4.86,3.7724350101780253,1076
325000.0,77.0,4.0,4220.779220779221,19.25,52.39,4.95,4.35373996069682,1024
775000.0,117.0,4.0,6623.931623931624,29.25,52.39,4.93,3.2622887259428897,1025
750000.0,158.0,6.0,4746.835443037975,26.333333333333332,52.35,5.0,6.792912159455641,1087
650000.0,102.0,4.0,6372.549019607844,25.5,52.36,4.92,1.8312540384148672,1092
600000.0,108.0,4.0,5555.555555555556,27.0,52.370000000000005,4.97,4.328826988017005,1095
325000.0,46.0,2.0,7065.217391304348,23.0,52.38,4.87,2.3816330525021723,1052
385000.0,49.0,3.0,7857.142857142857,16.333333333333332,52.370000000000005,4.94,2.3479962790492253,1094
875000.0,96.0,5.0,9114.583333333334,19.2,52.370000000000005,4.88,1.3689676612964725,1016
500000.0,52.0,2.0,9615.384615384615,26.0,52.38,4.88,2.0242353730838407,1015
900000.0,120.0,5.0,7500.0,24.0,52.39,4.95,3.7197238005372104,1023
350000.0,83.0,3.0,4216.8674698795185,27.666666666666668,52.4,4.92,4.189916083233398,1034
350000.0,118.0,5.0,2966.101694915254,23.6,52.31,4.98,8.575663389102582,1108
450000.0,62.0,2.0,7258.064516129032,31.0,52.35,4.8500000000000005,4.280943897512897,1059
325000.0,88.0,4.0,3693.181818181818,22.0,52.36,4.8100000000000005,6.650758389517517,1068
200000.0,27.0,2.0,7407.407407407408,13.5,52.38,4.82,6.060890916787188,1063
575000.0,80.0,3.0,7187.5,26.666666666666668,52.370000000000005,4.86,3.0487038746100525,1056
325000.0,81.0,3.0,4012.3456790123455,27.0,52.35,4.8100000000000005,6.580361072595557,1068
400000.0,47.0,2.0,8510.63829787234,23.5,52.36,4.9,1.319803448313131,1074
365000.0,59.0,2.0,6186.440677966101,29.5,52.370000000000005,4.94,2.747171241721414,1019
350000.0,88.0,3.0,3977.2727272727275,29.333333333333332,52.38,4.8,7.204689468604424,1067
300000.0,73.0,4.0,4109.58904109589,18.25,52.35,4.83,5.451837672995984,1065
375000.0,90.0,4.0,4166.666666666667,22.5,52.32,4.99,8.242739537616425,1104
415000.0,61.0,3.0,6803.2786885245905,20.333333333333332,52.36,4.91,1.206513285204494,1091
300000.0,65.0,4.0,4615.384615384615,16.25,52.370000000000005,4.83,4.93084264623984,1064
625000.0,75.0,3.0,8333.333333333334,25.0,52.370000000000005,4.86,2.7888719323107276,1057
315000.0,102.0,5.0,3088.235294117647,20.4,52.29,4.98,9.78655152813502,1107
325000.0,44.0,2.0,7386.363636363636,22.0,52.38,4.87,2.3993518168489474,1052
370000.0,46.0,2.0,8043.478260869565,23.0,52.370000000000005,4.87,2.6680360994257812,1053
298000.0,43.0,2.0,6930.232558139535,21.5,52.39,4.92,2.3502192449575223,1021
375000.0,56.0,3.0,6696.428571428572,18.666666666666668,52.36,4.93,2.0383917569502823,1094
325000.0,81.0,3.0,4012.3456790123455,27.0,52.38,4.82,5.9922901617495485,1063
325000.0,42.0,2.0,7738.0952380952385,21.0,52.36,4.94,2.4748601707864264,1095
375000.0,54.0,2.0,6944.444444444444,27.0,52.370000000000005,4.87,2.380065252409221,1052
295000.0,46.0,2.0,6413.04347826087,23.0,52.38,4.84,4.858350445230588,1063
375000.0,44.0,2.0,8522.727272727272,22.0,52.38,4.88,2.26112234420214,1013
295000.0,65.0,4.0,4538.461538461538,16.25,52.38,4.8,7.312633644016404,1067
275000.0,48.0,2.0,5729.166666666667,24.0,52.35,5.01,7.715580052735298,1087
345000.0,47.0,2.0,7340.425531914893,23.5,52.35,4.9,2.2424869217386263,1078
500000.0,82.0,3.0,6097.5609756097565,27.333333333333332,52.38,4.8500000000000005,4.1153002421136105,1055
390000.0,58.0,2.0,6724.137931034483,29.0,52.370000000000005,4.8500000000000005,3.4215672401302766,1057
400000.0,58.0,2.0,6896.551724137931,29.0,52.36,4.93,1.7371574333440007,1093
250000.0,70.0,3.0,3571.4285714285716,23.333333333333332,52.32,4.97,7.194117401948297,1104
625000.0,72.0,4.0,8680.555555555555,18.0,52.36,4.9,1.3405920214918021,1073
550000.0,97.0,3.0,5670.103092783505,32.333333333333336,52.36,5.0,6.348283906539507,1087
585000.0,87.0,3.0,6724.137931034483,29.0,52.38,4.94,2.7715526142703006,1019
425000.0,142.0,6.0,2992.957746478873,23.666666666666668,52.29,4.98,9.83859674510977,1107
300000.0,85.0,3.0,3529.4117647058824,28.333333333333332,52.4,4.95,4.850837297700341,1025
300000.0,45.0,2.0,6666.666666666667,22.5,52.370000000000005,4.87,2.364356498555902,1052
275000.0,73.0,2.0,3767.123287671233,36.5,52.29,4.98,9.821690274452317,1107
525000.0,69.0,3.0,7608.695652173913,23.0,52.38,4.89,2.0308007693362606,1013
725000.0,88.0,4.0,8238.636363636364,22.0,52.36,4.86,3.3932150022582737,1058
350000.0,48.0,2.0,7291.666666666667,24.0,52.38,4.88,2.26112234420214,1013
275000.0,57.0,2.0,4824.561403508772,28.5,52.36,4.8,6.959765462475828,1068
450000.0,97.0,4.0,4639.1752577319585,24.25,52.34,4.8,7.47523160747984,1066
325000.0,47.0,3.0,6914.893617021276,15.666666666666666,52.36,4.8500000000000005,3.563136476912926,1057
425000.0,48.0,2.0,8854.166666666666,24.0,52.38,4.88,2.0907969022133575,1015
300000.0,44.0,2.0,6818.181818181818,22.0,52.32,4.86,5.714531254449161,1081
330000.0,108.0,5.0,3055.5555555555557,21.6,52.300000000000004,4.97,9.007100506180723,1106
215000.0,43.0,2.0,5000.0,21.5,52.32,4.95,5.508835450888203,1102
695000.0,88.0,3.0,7897.727272727273,29.333333333333332,52.370000000000005,4.87,2.0439978441252467,1053
750000.0,108.0,3.0,6944.444444444444,36.0,52.370000000000005,4.92,0.8219958187910106,1018
400000.0,79.0,3.0,5063.291139240507,26.333333333333332,52.35,5.01,7.361367262125215,1087
585000.0,82.0,3.0,7134.1463414634145,27.333333333333332,52.370000000000005,4.87,2.259630350788088,1052
395000.0,44.0,2.0,8977.272727272728,22.0,52.36,4.91,1.0853282746642627,1091
250000.0,84.0,3.0,2976.190476190476,28.0,52.4,4.95,4.817234596093367,1024
725000.0,103.0,3.0,7038.834951456311,34.333333333333336,52.370000000000005,4.86,3.2024196373695695,1057
275000.0,92.0,4.0,2989.1304347826085,23.0,52.35,4.8,7.692398176610497,1069
700000.0,107.0,3.0,6542.056074766355,35.666666666666664,52.36,4.91,0.43177308731282865,1018
260000.0,83.0,4.0,3132.5301204819275,20.75,52.32,4.97,7.219919536312589,1104
275000.0,83.0,3.0,3313.253012048193,27.666666666666668,52.29,4.97,9.469358999028898,1107
535000.0,75.0,4.0,7133.333333333333,18.75,52.370000000000005,4.86,2.9729370586460915,1056
465000.0,94.0,4.0,4946.808510638298,23.5,52.38,4.84,4.628017858709977,1061
490000.0,62.0,3.0,7903.225806451613,20.666666666666668,52.36,4.87,2.036440566209112,1054
375000.0,69.0,4.0,5434.782608695652,17.25,52.370000000000005,4.8,7.159077115926528,1067
425000.0,58.0,3.0,7327.586206896552,19.333333333333332,52.36,4.8500000000000005,3.6016777662767905,1058
265000.0,109.0,5.0,2431.1926605504586,21.8,52.33,4.98,6.813051972742899,1103
425000.0,58.0,3.0,7327.586206896552,19.333333333333332,52.370000000000005,4.86,3.1025125650167173,1057
525000.0,122.0,5.0,4303.2786885245905,24.4,52.4,4.95,4.478750268374702,1024
625000.0,77.0,4.0,8116.883116883117,19.25,52.35,4.8500000000000005,4.407076978890348,1059
380000.0,77.0,4.0,4935.064935064935,19.25,52.38,4.8,7.481586944216414,1067
950000.0,148.0,7.0,6418.918918918919,21.142857142857142,52.35,4.87,3.37866497624302,1077
350000.0,41.0,2.0,8536.585365853658,20.5,52.36,4.86,2.8138422478938256,1053
325000.0,70.0,4.0,4642.857142857143,17.5,52.36,4.83,5.051997492313006,1065
550000.0,74.0,2.0,7432.4324324324325,37.0,52.370000000000005,4.87,2.0403761776698595,1053
300000.0,85.0,4.0,3529.4117647058824,21.25,52.4,4.95,4.865257221514408,1025
245000.0,50.0,2.0,4900.0,25.0,52.42,4.88,5.728447780229342,1033
230000.0,28.0,1.0,8214.285714285714,28.0,52.34,4.92,3.4021935279609172,1096
395000.0,53.0,3.0,7452.830188679245,17.666666666666668,52.370000000000005,4.8500000000000005,3.5559709714569823,1057
365000.0,40.0,2.0,9125.0,20.0,52.36,4.89,1.6272537098518223,1072
698000.0,89.0,5.0,7842.696629213483,17.8,52.35,4.89,1.9038354662003278,1072
495000.0,117.0,6.0,4230.7692307692305,19.5,52.36,4.8,6.867295835772446,1068
375000.0,80.0,4.0,4687.5,20.0,52.36,4.84,4.38460198695298,1062
375000.0,88.0,3.0,4261.363636363636,29.333333333333332,52.36,4.8100000000000005,6.708815163597799,1068
1200000.0,231.0,8.0,5194.805194805195,28.875,52.36,4.98,5.201496845515606,1086
425000.0,71.0,3.0,5985.915492957746,23.666666666666668,52.38,4.86,3.5715076561843073,1055
730000.0,89.0,3.0,8202.247191011236,29.666666666666668,52.35,4.89,2.601822393960157,1078
325000.0,48.0,4.0,6770.833333333333,12.0,52.38,4.8500000000000005,4.123174507545298,1055
275000.0,78.0,3.0,3525.641025641026,26.0,52.32,4.97,6.901991221750238,1103
535000.0,67.0,2.0,7985.074626865671,33.5,52.36,4.89,0.8280281419381783,1017
375000.0,57.0,3.0,6578.9473684210525,19.0,52.38,4.8500000000000005,4.067274875281432,1055
775000.0,126.0,5.0,6150.793650793651,25.2,52.36,4.93,2.224495854480835,1093
375000.0,78.0,3.0,4807.692307692308,26.0,52.38,4.8100000000000005,6.296967748619314,1063
400000.0,54.0,3.0,7407.407407407408,18.0,52.35,4.8500000000000005,4.210279754873779,1059
300000.0,40.0,2.0,7500.0,20.0,52.36,4.92,1.4773781934713823,1092
375000.0,104.0,3.0,3605.769230769231,34.666666666666664,52.32,4.98,7.652827356416519,1104
295000.0,91.0,3.0,3241.7582417582416,30.333333333333332,52.31,4.98,7.9775883502225975,1104
345000.0,57.0,2.0,6052.631578947368,28.5,52.33,4.88,5.048991279153873,1082
260000.0,71.0,3.0,3661.9718309859154,23.666666666666668,52.32,4.97,7.1003326950970855,1104
225000.0,56.0,2.0,4017.8571428571427,28.0,52.300000000000004,4.99,10.007503291654501,1107
425000.0,50.0,2.0,8500.0,25.0,52.370000000000005,4.8500000000000005,3.5463245195495348,1057
475000.0,90.0,3.0,5277.777777777777,30.0,52.36,5.0,6.355588294699338,1087
425000.0,108.0,3.0,3935.185185185185,36.0,52.36,4.8100000000000005,6.503770795294662,1068
1170000.0,121.0,2.0,9669.421487603306,60.5,52.370000000000005,4.88,1.5562756170872878,1016
520000.0,69.0,3.0,7536.231884057971,23.0,52.36,4.92,1.7973030760961228,1092
350000.0,68.0,4.0,5147.058823529412,17.0,52.36,4.83,5.10211148427973,1065
289500.0,108.0,5.0,2680.5555555555557,21.6,52.33,4.97,6.708971916535836,1103
480000.0,127.0,5.0,3779.527559055118,25.4,52.34,4.8100000000000005,7.08530538708961,1066
325000.0,84.0,4.0,3869.0476190476193,21.0,52.410000000000004,4.92,4.352701581303581,1034
250000.0,57.0,2.0,4385.964912280701,28.5,52.36,4.8,6.9607668477894755,1068
350000.0,87.0,3.0,4022.9885057471265,29.0,52.38,4.8,7.099574323124954,1067
600000.0,110.0,4.0,5454.545454545455,27.5,52.36,4.98,5.328035214767455,1086
350000.0,87.0,3.0,4022.9885057471265,29.0,52.39,4.95,4.459233243821617,1024
525000.0,70.0,3.0,7500.0,23.333333333333332,52.36,4.9,1.3943063516077667,1074
500000.0,89.0,3.0,5617.9775280898875,29.666666666666668,52.38,4.95,3.1076116856347524,1019
700000.0,106.0,3.0,6603.773584905661,35.333333333333336,52.370000000000005,4.92,1.3607909242154226,1018
300000.0,90.0,4.0,3333.3333333333335,22.5,52.300000000000004,4.98,9.333591539292211,1106
175000.0,28.0,1.0,6250.0,28.0,52.4,4.95,4.842956714496671,1025
365000.0,78.0,4.0,4679.48717948718,19.5,52.370000000000005,4.83,5.098053810577805,1064
375000.0,84.0,4.0,4464.285714285715,21.0,52.38,4.8,7.5764687255661105,1067
425000.0,74.0,3.0,5743.243243243243,24.666666666666668,52.39,4.88,2.657597742731751,1051
1320000.0,230.0,8.0,5739.130434782609,28.75,52.36,4.89,1.1492833036002914,1017
469000.0,109.0,3.0,4302.752293577982,36.333333333333336,52.42,4.89,6.308660879432727,1035
270000.0,38.0,1.0,7105.263157894737,38.0,52.38,4.87,2.894567803967656,1051
325000.0,44.0,3.0,7386.363636363636,14.666666666666666,52.36,4.89,1.2120596285572727,1017
650000.0,113.0,6.0,5752.212389380531,18.833333333333332,52.410000000000004,4.9,4.4371981429556815,1036
550000.0,90.0,3.0,6111.111111111111,30.0,52.370000000000005,4.93,1.8372268865982897,1018
1150000.0,163.0,7.0,7055.21472392638,23.285714285714285,52.35,4.92,2.161329344507752,1097
385000.0,50.0,2.0,7700.0,25.0,52.38,4.87,2.969200917829175,1051
325000.0,43.0,2.0,7558.139534883721,21.5,52.38,4.86,3.155254513688917,1056
750000.0,155.0,6.0,4838.709677419355,25.833333333333332,52.370000000000005,4.83,4.850492508708932,1064
465000.0,73.0,4.0,6369.86301369863,18.25,52.39,4.92,2.3999437055955184,1021
300000.0,67.0,3.0,4477.611940298508,22.333333333333332,52.35,4.78,8.461270109557882,1060
250000.0,84.0,3.0,2976.190476190476,28.0,52.4,4.95,4.915158345639343,1024
500000.0,64.0,3.0,7812.5,21.333333333333332,52.36,4.8500000000000005,3.4982016182774434,1058
875000.0,108.0,4.0,8101.851851851852,27.0,52.38,4.66,16.983759548458142,1053
399000.0,62.0,2.0,6435.4838709677415,31.0,52.36,4.8500000000000005,3.6642148459915993,1058
925000.0,145.0,4.0,6379.310344827586,36.25,52.370000000000005,4.93,2.1820312624969764,1019
875000.0,123.0,4.0,7113.821138211382,30.75,52.34,4.89,3.338015117428934,1079
930000.0,123.0,4.0,7560.975609756098,30.75,52.34,4.89,3.338015117428934,1079
725000.0,101.0,4.0,7178.217821782178,25.25,52.370000000000005,4.93,1.844301237696318,1018
575000.0,119.0,3.0,4831.9327731092435,39.666666666666664,52.38,4.8500000000000005,4.123456930431842,1055
600000.0,132.0,4.0,4545.454545454545,33.0,52.35,5.0,6.758855618394813,1087
600000.0,146.0,7.0,4109.58904109589,20.857142857142858,52.35,4.78,8.483270464821024,1060
265000.0,72.0,3.0,3680.5555555555557,24.0,52.32,4.97,7.1092236688429535,1104
350000.0,46.0,3.0,7608.695652173913,15.333333333333334,52.38,4.87,2.3816330525021723,1052
340000.0,78.0,3.0,4358.974358974359,26.0,52.370000000000005,4.83,5.107095895776953,1064
350000.0,58.0,3.0,6034.482758620689,19.333333333333332,52.38,4.84,4.333230045089923,1061
430000.0,56.0,2.0,7678.571428571428,28.0,52.36,4.92,1.5719385341774093,1091
975000.0,180.0,5.0,5416.666666666667,36.0,52.410000000000004,4.9,4.6062057967113095,1036
500000.0,84.0,3.0,5952.380952380952,28.0,52.34,4.91,2.7898362765846345,1079
850000.0,123.0,7.0,6910.569105691057,17.571428571428573,52.370000000000005,4.87,2.3861403416833187,1053
645000.0,89.0,3.0,7247.191011235955,29.666666666666668,52.36,4.92,1.2175266843889598,1018
425000.0,49.0,3.0,8673.469387755102,16.333333333333332,52.36,4.9,1.3251034808721294,1074
1090000.0,149.0,3.0,7315.436241610738,49.666666666666664,52.35,4.89,2.19183326255324,1072
895000.0,184.0,6.0,4864.130434782609,30.666666666666668,52.36,4.99,5.643130941198518,1086
465000.0,104.0,3.0,4471.153846153846,34.666666666666664,52.410000000000004,4.92,4.335932780262296,1034
700000.0,79.0,3.0,8860.759493670887,26.333333333333332,52.34,4.91,2.8791774135847943,1079
325000.0,55.0,2.0,5909.090909090909,27.5,52.33,4.87,5.077986620691874,1081
695000.0,107.0,4.0,6495.327102803738,26.75,52.370000000000005,4.93,2.0784435220873703,1019
825000.0,97.0,4.0,8505.154639175258,24.25,52.36,4.9,1.1234797028497845,1074
280000.0,64.0,3.0,4375.0,21.333333333333332,52.36,4.8100000000000005,6.427346099416892,1068
550000.0,160.0,6.0,3437.5,26.666666666666668,52.35,4.8100000000000005,6.477475563028264,1068
325000.0,77.0,3.0,4220.779220779221,25.666666666666668,52.39,4.95,4.054478943119074,1024
325000.0,77.0,3.0,4220.779220779221,25.666666666666668,52.4,4.9,3.9645301939976783,1033
275000.0,111.0,5.0,2477.4774774774774,22.2,52.29,4.97,9.331610414143638,1107
340000.0,46.0,2.0,7391.304347826087,23.0,52.38,4.86,3.553581969573455,1055
550000.0,72.0,3.0,7638.888888888889,24.0,52.370000000000005,4.8500000000000005,3.511307922963527,1057
500000.0,84.0,3.0,5952.380952380952,28.0,52.38,4.95,3.1342345720273825,1019
750000.0,111.0,4.0,6756.756756756757,27.75,52.4,4.89,3.860571833254494,1033
499000.0,92.0,4.0,5423.913043478261,23.0,52.38,4.84,4.633871660661848,1061
1750000.0,212.0,4.0,8254.716981132075,53.0,52.370000000000005,4.88,1.4493282032260555,1016
1250000.0,202.0,6.0,6188.118811881188,33.666666666666664,52.370000000000005,4.87,2.565273120305434,1053
319000.0,50.0,2.0,6380.0,25.0,52.38,4.8500000000000005,4.052957884887723,1055
1100000.0,147.0,4.0,7482.993197278912,36.75,52.35,4.88,2.3511098336611185,1071
325000.0,47.0,2.0,6914.893617021276,23.5,52.35,4.91,2.412214978877892,1079
475000.0,109.0,4.0,4357.798165137615,27.25,52.34,4.8,7.4543104403922875,1066
300000.0,88.0,2.0,3409.090909090909,44.0,52.36,4.8100000000000005,6.635951932945122,1068
265000.0,66.0,2.0,4015.151515151515,33.0,52.4,4.93,3.937934234550184,1025
399500.0,99.0,3.0,4035.3535353535353,33.0,52.35,4.79,7.738957297790092,1069
725000.0,173.0,7.0,4190.751445086706,24.714285714285715,52.35,4.7700000000000005,9.133442094571343,1060
625000.0,95.0,5.0,6578.9473684210525,19.0,52.38,4.86,3.5267029563513885,1055
399000.0,40.0,2.0,9975.0,20.0,52.36,4.89,1.3263097016934675,1017
445000.0,66.0,3.0,6742.424242424242,22.0,52.38,4.8500000000000005,3.69262461762496,1055
550000.0,145.0,3.0,3793.103448275862,48.333333333333336,52.35,5.0,6.751498288159216,1087
675000.0,84.0,4.0,8035.714285714285,21.0,52.36,4.86,3.3762670083711654,1058
325000.0,84.0,3.0,3869.0476190476193,28.0,52.33,4.88,4.072949717257028,1082
600000.0,82.0,4.0,7317.073170731707,20.5,52.38,4.8500000000000005,3.864974061930144,1055
375000.0,57.0,3.0,6578.9473684210525,19.0,52.36,4.8500000000000005,3.604089521616567,1058
575000.0,82.0,4.0,7012.195121951219,20.5,52.34,4.91,2.932961863679108,1079
475000.0,79.0,3.0,6012.658227848101,26.333333333333332,52.370000000000005,4.83,5.099138389195072,1064
500000.0,62.0,3.0,8064.5161290322585,20.666666666666668,52.36,4.91,1.1828072361541802,1091
275000.0,94.0,4.0,2925.531914893617,23.5,52.31,4.96,7.194802613371026,1102
1775000.0,177.0,9.0,10028.24858757062,19.666666666666668,52.35,4.87,3.061830885773003,1075
525000.0,63.0,3.0,8333.333333333334,21.0,52.36,4.87,2.678392626570897,1054
400000.0,52.0,2.0,7692.307692307692,26.0,52.36,4.91,1.272378409167326,1091
375000.0,80.0,4.0,4687.5,20.0,52.33,4.88,4.346470666362415,1083
550000.0,87.0,2.0,6321.83908045977,43.5,52.370000000000005,4.94,2.703398001258357,1019
525000.0,76.0,2.0,6907.894736842105,38.0,52.36,4.92,1.8403443244176652,1092
760000.0,90.0,4.0,8444.444444444445,22.5,52.38,4.89,1.8767002381782518,1015
700000.0,123.0,6.0,5691.056910569106,20.5,52.39,4.92,2.9715808646732844,1032
675000.0,75.0,3.0,9000.0,25.0,52.370000000000005,4.88,1.9121271165898668,1054
325000.0,97.0,4.0,3350.5154639175257,24.25,52.32,4.96,6.551514184464083,1102
459000.0,75.0,3.0,6120.0,25.0,52.36,4.94,2.812502761445554,1098
350000.0,46.0,2.0,7608.695652173913,23.0,52.370000000000005,4.86,2.8050788368759303,1053
325000.0,43.0,2.0,7558.139534883721,21.5,52.370000000000005,4.93,2.0855845139278584,1094
275000.0,81.0,3.0,3395.061728395062,27.0,52.35,4.8100000000000005,6.529971159224587,1068
275000.0,57.0,2.0,4824.561403508772,28.5,52.4,4.94,4.018171942090369,1025
700000.0,140.0,5.0,5000.0,28.0,52.35,4.84,4.922088628910977,1062
209000.0,59.0,2.0,3542.3728813559323,29.5,52.300000000000004,4.98,9.238719181766585,1106
1325000.0,150.0,5.0,8833.333333333334,30.0,52.36,4.9,1.0674012651517746,1017
850000.0,120.0,3.0,7083.333333333333,40.0,52.36,4.9,0.8745744467632734,1017
485000.0,105.0,4.0,4619.047619047619,26.25,52.35,5.0,6.760091156693093,1087
385000.0,53.0,2.0,7264.1509433962265,26.5,52.35,4.9,2.200962228352853,1078
650000.0,125.0,5.0,5200.0,25.0,52.410000000000004,4.9,4.308095091246398,1036
450000.0,64.0,3.0,7031.25,21.333333333333332,52.35,4.8500000000000005,4.018606702601959,1058
450000.0,87.0,3.0,5172.413793103448,29.0,52.36,4.99,5.960148318419757,1087
600000.0,90.0,3.0,6666.666666666667,30.0,52.35,4.84,4.500869682113293,1059
245000.0,71.0,3.0,3450.7042253521126,23.666666666666668,52.36,4.79,8.009330758895606,1069
500000.0,70.0,3.0,7142.857142857143,23.333333333333332,52.38,4.87,2.7912502825865846,1051
600000.0,80.0,2.0,7500.0,40.0,52.370000000000005,4.87,2.627931699047003,1053
595000.0,73.0,3.0,8150.684931506849,24.333333333333332,52.34,4.91,2.858225421664631,1079
995000.0,127.0,4.0,7834.645669291339,31.75,52.36,4.89,1.4996718768446664,1072
475000.0,118.0,5.0,4025.423728813559,23.6,52.31,5.0200000000000005,10.27583044538647,1109
275000.0,78.0,3.0,3525.641025641026,26.0,52.32,4.97,6.901991221750238,1103
285000.0,85.0,4.0,3352.9411764705883,21.25,52.4,4.95,4.64084335549939,1024
585000.0,75.0,3.0,7800.0,25.0,52.36,4.8500000000000005,3.4637480565509198,1057
310000.0,75.0,3.0,4133.333333333333,25.0,52.38,4.79,7.9251134072486344,1067
495000.0,81.0,4.0,6111.111111111111,20.25,52.33,4.87,4.540175324191146,1082
475000.0,54.0,2.0,8796.296296296296,27.0,52.36,4.86,2.8263035506515624,1054
425000.0,57.0,3.0,7456.140350877193,19.0,52.38,4.8500000000000005,4.1575242518740385,1055
875000.0,161.0,4.0,5434.782608695652,40.25,52.35,4.78,8.833457398118851,1069
560000.0,73.0,3.0,7671.232876712329,24.333333333333332,52.36,4.86,3.2354095991189014,1054
700000.0,130.0,6.0,5384.615384615385,21.666666666666668,52.35,5.0,6.777634959592522,1087
1150000.0,144.0,6.0,7986.111111111111,24.0,52.36,4.88,2.0100007436408163,1054
1250000.0,149.0,6.0,8389.261744966443,24.833333333333332,52.370000000000005,4.87,2.4763781547727777,1053
275000.0,40.0,2.0,6875.0,20.0,52.370000000000005,4.92,1.3281123868361813,1018
575000.0,145.0,5.0,3965.5172413793102,29.0,52.35,4.79,8.210308474619376,1060
1025000.0,125.0,3.0,8200.0,41.666666666666664,52.36,4.86,3.0988424713259892,1054
340000.0,47.0,2.0,7234.04255319149,23.5,52.38,4.86,3.523717210016186,1055
550000.0,125.0,5.0,4400.0,25.0,52.36,4.84,4.14946534873656,1058
400000.0,59.0,2.0,6779.661016949152,29.5,52.38,4.87,2.5494525882815466,1051
235000.0,33.0,2.0,7121.212121212121,16.5,52.36,4.84,4.603919977282347,1062
335000.0,93.0,4.0,3602.1505376344085,23.25,52.410000000000004,4.92,4.802677113632938,1034
975000.0,221.0,5.0,4411.764705882353,44.2,52.370000000000005,4.84,4.532709837182196,1061
450000.0,64.0,2.0,7031.25,32.0,52.38,4.93,2.1498663659319615,1019
350000.0,53.0,2.0,6603.773584905661,26.5,52.36,4.93,1.8348442831352425,1093
725000.0,118.0,4.0,6144.067796610169,29.5,52.39,4.87,3.482510055122539,1013
340000.0,44.0,3.0,7727.272727272727,14.666666666666666,52.370000000000005,4.86,2.702570651451608,1053
1175000.0,164.0,2.0,7164.634146341464,82.0,52.370000000000005,4.92,1.109937818236377,1018
325000.0,92.0,4.0,3532.608695652174,23.0,52.39,4.94,3.7321740585450205,1025
700000.0,103.0,4.0,6796.116504854369,25.75,52.39,4.99,6.759375720130247,1028
295000.0,82.0,3.0,3597.560975609756,27.333333333333332,52.36,4.8100000000000005,6.631663595644275,1068
335000.0,44.0,2.0,7613.636363636364,22.0,52.35,4.9,1.774999201460798,1074
300000.0,38.0,2.0,7894.736842105263,19.0,52.36,4.86,2.9598567702727103,1053
600000.0,83.0,4.0,7228.915662650603,20.75,52.36,4.93,1.5442967567789032,1093
675000.0,72.0,3.0,9375.0,24.0,52.35,4.86,3.4092958405672835,1075
495000.0,80.0,4.0,6187.5,20.0,52.370000000000005,4.86,3.044485943414559,1057
539000.0,75.0,3.0,7186.666666666667,25.0,52.370000000000005,4.86,3.006438826713468,1057
499000.0,75.0,3.0,6653.333333333333,25.0,52.34,4.9,2.776010418598989,1079
475000.0,67.0,3.0,7089.55223880597,22.333333333333332,52.36,4.86,3.0981034498888023,1054
800000.0,130.0,5.0,6153.846153846154,26.0,52.36,4.93,2.2191803973833597,1093
1625000.0,257.0,9.0,6322.95719844358,28.555555555555557,52.35,4.87,3.1505669746756224,1077
315000.0,99.0,4.0,3181.818181818182,24.75,52.35,4.79,8.238521657645075,1069
450000.0,111.0,4.0,4054.054054054054,27.75,52.35,4.79,8.357580516678645,1060
495000.0,54.0,3.0,9166.666666666666,18.0,52.36,4.87,2.685048521497611,1054
550000.0,78.0,3.0,7051.282051282052,26.0,52.34,4.88,3.3442453864583697,1077
400000.0,89.0,3.0,4494.38202247191,29.666666666666668,52.35,5.01,7.641460522714701,1087
525000.0,70.0,3.0,7500.0,23.333333333333332,52.35,4.8500000000000005,4.033904774667999,1058
350000.0,98.0,4.0,3571.4285714285716,24.5,52.32,4.95,6.536800857815636,1102
620000.0,86.0,4.0,7209.302325581395,21.5,52.35,4.92,1.8031938345345073,1092
375000.0,89.0,5.0,4213.483146067416,17.8,52.410000000000004,4.92,4.777207241500599,1034
550000.0,114.0,6.0,4824.561403508772,19.0,52.39,4.94,3.8508811671064223,1023
1095000.0,204.0,6.0,5367.64705882353,34.0,52.370000000000005,4.88,1.9028370765322096,1053
485000.0,93.0,5.0,5215.05376344086,18.6,52.39,4.92,2.209775811017053,1021
385000.0,87.0,3.0,4425.287356321839,29.0,52.38,4.79,7.712477988456734,1067
1575000.0,138.0,4.0,11413.04347826087,34.5,52.38,4.96,4.246514260699214,1023
249000.0,33.0,2.0,7545.454545454545,16.5,52.33,4.88,4.660286575945304,1083
350000.0,74.0,4.0,4729.72972972973,18.5,52.370000000000005,4.83,4.92161989935941,1064
600000.0,136.0,4.0,4411.764705882353,34.0,52.35,4.8,7.198502555341988,1069
425000.0,79.0,3.0,5379.7468354430375,26.333333333333332,52.33,4.87,4.411873456322156,1082
345000.0,69.0,4.0,5000.0,17.25,52.370000000000005,4.8,7.4041583237733635,1067
640000.0,58.0,3.0,11034.48275862069,19.333333333333332,52.370000000000005,4.91,0.6245507309792742,1011
645000.0,58.0,3.0,11120.689655172413,19.333333333333332,52.370000000000005,4.91,0.6245507309792742,1011
350000.0,92.0,3.0,3804.3478260869565,30.666666666666668,52.38,4.8,7.0184038479013475,1067
350000.0,65.0,2.0,5384.615384615385,32.5,52.36,4.94,2.3394527325540735,1094
475000.0,115.0,5.0,4130.434782608696,23.0,52.35,4.78,8.871502326315284,1060
400000.0,46.0,1.0,8695.652173913044,46.0,52.38,4.89,1.296710427081834,1012
450000.0,96.0,3.0,4687.5,32.0,52.36,4.99,6.216705459698476,1087
450000.0,59.0,2.0,7627.118644067797,29.5,52.4,4.89,3.8930061510159195,1033
375000.0,54.0,3.0,6944.444444444444,18.0,52.35,4.92,1.9374626810878888,1091
485000.0,69.0,3.0,7028.985507246377,23.0,52.370000000000005,4.87,2.578752402845518,1053
1100000.0,136.0,3.0,8088.235294117647,45.333333333333336,52.36,4.87,2.4812645498147936,1071
1000000.0,220.0,7.0,4545.454545454545,31.428571428571427,52.4,4.95,4.708733785629124,1025
375000.0,43.0,2.0,8720.93023255814,21.5,52.35,4.86,3.718155861194206,1076
525000.0,138.0,5.0,3804.3478260869565,27.6,52.35,4.7700000000000005,9.03458754071757,1060
1325000.0,162.0,4.0,8179.0123456790125,40.5,52.370000000000005,4.95,3.424719367930742,1019
335000.0,92.0,4.0,3641.304347826087,23.0,52.410000000000004,4.92,4.827790985836147,1034
400000.0,58.0,3.0,6896.551724137931,19.333333333333332,52.35,4.92,1.994685775421163,1091
835000.0,124.0,3.0,6733.870967741936,41.333333333333336,52.35,4.88,2.9323381637730845,1077
885000.0,136.0,3.0,6507.35294117647,45.333333333333336,52.35,4.88,2.9323381637730845,1077
635000.0,81.0,3.0,7839.506172839506,27.0,52.34,4.89,2.8125282831209777,1078
1120000.0,129.0,5.0,8682.170542635658,25.8,52.36,4.86,3.103177630559036,1054
375000.0,52.0,3.0,7211.538461538462,17.333333333333332,52.370000000000005,4.8500000000000005,3.5351802913501005,1057
400000.0,107.0,6.0,3738.3177570093458,17.833333333333332,52.38,4.8,7.447789744118238,1067
285000.0,41.0,2.0,6951.219512195122,20.5,52.35,4.92,1.8971948432673351,1092
425137.0,92.0,4.0,4621.054347826087,23.0,52.32,4.99,7.754683635672956,1104
549001.0,107.0,4.0,5130.85046728972,26.75,52.31,5.0200000000000005,10.350150412005174,1109
575000.0,134.0,6.0,4291.044776119403,22.333333333333332,52.35,4.8100000000000005,6.601239886557343,1066
500000.0,102.0,5.0,4901.9607843137255,20.4,52.38,4.82,5.7558300194660275,1063
179000.0,29.0,2.0,6172.413793103448,14.5,52.33,4.95,5.434112899910612,1102
790000.0,90.0,3.0,8777.777777777777,30.0,52.38,4.88,1.748157550747498,1015
350000.0,50.0,3.0,7000.0,16.666666666666668,52.370000000000005,4.8500000000000005,3.4775104885711303,1057
425000.0,110.0,4.0,3863.6363636363635,27.5,52.36,4.8,6.815193372229041,1068
600000.0,135.0,6.0,4444.444444444444,22.5,52.370000000000005,4.82,5.728784150031504,1064
1099000.0,191.0,6.0,5753.926701570681,31.833333333333332,52.35,4.87,3.0336458400345943,1077
525000.0,112.0,5.0,4687.5,22.4,52.36,4.8,7.377351588349271,1069
329000.0,74.0,4.0,4445.945945945946,18.5,52.4,4.93,3.7369701641950006,1025
445000.0,101.0,3.0,4405.940594059406,33.666666666666664,52.370000000000005,4.83,5.00402011212142,1064
950000.0,174.0,6.0,5459.770114942528,29.0,52.35,4.79,7.793014317549243,1069
800000.0,107.0,3.0,7476.6355140186915,35.666666666666664,52.370000000000005,4.88,1.792887914765667,1016
350000.0,144.0,6.0,2430.5555555555557,24.0,52.31,4.96,7.267898674872843,1102
875000.0,135.0,5.0,6481.481481481482,27.0,52.42,4.9,5.560245339790736,1035
575000.0,78.0,3.0,7371.794871794872,26.0,52.370000000000005,4.86,3.1426782098923005,1056
700000.0,76.0,4.0,9210.526315789473,19.0,52.36,4.9,0.7429491387573025,1017
325000.0,80.0,4.0,4062.5,20.0,52.410000000000004,4.91,4.225423661855494,1034
750000.0,102.0,5.0,7352.941176470588,20.4,52.36,4.94,2.6165862219463487,1098
500000.0,73.0,3.0,6849.315068493151,24.333333333333332,52.370000000000005,4.8500000000000005,3.4721817160974475,1057
300000.0,48.0,2.0,6250.0,24.0,52.34,4.95,4.304631084460839,1097
675000.0,157.0,5.0,4299.363057324841,31.4,52.370000000000005,4.83,4.974093867333798,1064
345000.0,34.0,2.0,10147.058823529413,17.0,52.35,4.86,3.6985468669524475,1075
275000.0,64.0,3.0,4296.875,21.333333333333332,52.39,4.95,4.1479089485491984,1024
245000.0,45.0,2.0,5444.444444444444,22.5,52.38,4.83,4.863470405601424,1063
385000.0,37.0,2.0,10405.405405405405,18.5,52.35,4.86,3.6985468669524475,1075
375000.0,35.0,2.0,10714.285714285714,17.5,52.35,4.86,3.6985468669524475,1075
300000.0,68.0,3.0,4411.764705882353,22.666666666666668,52.42,4.9,5.786319694706085,1035
1200000.0,171.0,4.0,7017.543859649123,42.75,52.36,4.8500000000000005,4.100068155497023,1058
499000.0,127.0,5.0,3929.1338582677167,25.4,52.35,4.8,7.529535673174336,1069
325000.0,98.0,3.0,3316.326530612245,32.666666666666664,52.32,4.96,6.640641162975044,1102
480000.0,60.0,2.0,8000.0,30.0,52.36,4.86,3.083592749421867,1054
475000.0,62.0,4.0,7661.290322580645,15.5,52.35,4.8500000000000005,4.489375708199965,1059
685000.0,78.0,3.0,8782.051282051281,26.0,52.35,4.89,2.014798813273903,1072
550000.0,57.0,2.0,9649.122807017544,28.5,52.370000000000005,4.88,1.3887022016919919,1016
550000.0,137.0,5.0,4014.598540145985,27.4,52.35,4.79,8.208366165052418,1060
330000.0,78.0,3.0,4230.7692307692305,26.0,52.370000000000005,4.83,5.106671182865373,1064
375000.0,59.0,3.0,6355.932203389831,19.666666666666668,52.38,4.8500000000000005,3.7861790003847986,1055
575000.0,107.0,3.0,5373.8317757009345,35.666666666666664,52.370000000000005,4.94,2.2587756721741763,1019
825000.0,98.0,4.0,8418.367346938776,24.5,52.38,4.89,1.3802553071843238,1015
515000.0,119.0,4.0,4327.731092436975,29.75,52.4,4.92,4.098671360237486,1034
225000.0,65.0,2.0,3461.5384615384614,32.5,52.31,4.96,7.424124635128138,1102
1050000.0,119.0,5.0,8823.529411764706,23.8,52.35,4.86,3.378641773108612,1075
425000.0,80.0,4.0,5312.5,20.0,52.38,4.8500000000000005,4.140282956236773,1055
375000.0,63.0,5.0,5952.380952380952,12.6,52.410000000000004,4.89,5.342975215867705,1033
1150000.0,145.0,5.0,7931.0344827586205,29.0,52.370000000000005,4.87,2.2553773137336046,1052
425000.0,71.0,4.0,5985.915492957746,17.75,52.38,4.8500000000000005,3.7480484282636652,1055
1450000.0,124.0,5.0,11693.548387096775,24.8,52.36,4.9,0.9113121677331547,1017
850000.0,90.0,3.0,9444.444444444445,30.0,52.36,4.91,0.7984559559775792,1018
750000.0,114.0,4.0,6578.9473684210525,28.5,52.370000000000005,4.9,0.14496095251475566,1011
450000.0,107.0,4.0,4205.607476635514,26.75,52.42,4.89,6.283105898667653,1035
235000.0,58.0,2.0,4051.7241379310344,29.0,52.33,4.95,5.569513294284608,1102
600000.0,83.0,2.0,7228.915662650603,41.5,52.370000000000005,4.91,0.5115494996436685,1011
315000.0,81.0,3.0,3888.8888888888887,27.0,52.36,4.8100000000000005,6.644745620315069,1068
1250000.0,157.0,4.0,7961.783439490446,39.25,52.36,4.88,2.0116501284339905,1054
699000.0,98.0,3.0,7132.65306122449,32.666666666666664,52.32,4.86,5.792407889026838,1081
440000.0,115.0,6.0,3826.086956521739,19.166666666666668,52.38,4.8,7.106516141191196,1067
450000.0,74.0,2.0,6081.081081081081,37.0,52.4,4.9,3.5468796343202533,1032
300000.0,78.0,4.0,3846.153846153846,19.5,52.39,4.95,4.577500346223172,1024
475000.0,61.0,3.0,7786.88524590164,20.333333333333332,52.39,4.88,3.2644657850768293,1014
399000.0,66.0,4.0,6045.454545454545,16.5,52.36,4.93,1.9529571903156107,1092
790000.0,109.0,5.0,7247.706422018348,21.8,52.35,4.87,3.515792508050932,1077
650000.0,77.0,3.0,8441.558441558442,25.666666666666668,52.370000000000005,4.86,2.780981026997884,1057
375000.0,96.0,4.0,3906.25,24.0,52.35,4.8100000000000005,6.826864132396247,1068
365000.0,47.0,2.0,7765.95744680851,23.5,52.370000000000005,4.87,2.195331250245904,1052
210000.0,47.0,2.0,4468.085106382979,23.5,52.35,4.8,7.44630087535059,1069
269000.0,55.0,2.0,4890.909090909091,27.5,52.36,4.8100000000000005,6.5636011149519256,1068
570000.0,96.0,4.0,5937.5,24.0,52.36,4.84,4.237273971976326,1058
785000.0,112.0,3.0,7008.928571428572,37.333333333333336,52.38,4.9,1.003189204391116,1012
500000.0,93.0,3.0,5376.344086021505,31.0,52.370000000000005,4.94,2.4130566531178417,1019
400000.0,53.0,3.0,7547.169811320755,17.666666666666668,52.34,4.91,2.9298175034128153,1079
425000.0,55.0,3.0,7727.272727272727,18.333333333333332,52.35,4.8500000000000005,4.201570769693417,1058
700000.0,106.0,3.0,6603.773584905661,35.333333333333336,52.35,4.84,4.482589307424931,1059
350000.0,75.0,3.0,4666.666666666667,25.0,52.370000000000005,4.83,4.8993283057807835,1064
360000.0,42.0,3.0,8571.42857142857,14.0,52.35,4.86,3.647465498742354,1076
512000.0,64.0,2.0,8000.0,32.0,52.38,4.9,0.9098453601384812,1011
375000.0,45.0,2.0,8333.333333333334,22.5,52.35,4.9,1.4730191539278115,1074
750000.0,118.0,4.0,6355.932203389831,29.5,52.38,4.93,2.1279146517336773,1019
237000.0,53.0,3.0,4471.698113207547,17.666666666666668,52.32,4.97,6.792581980883596,1103
375000.0,45.0,2.0,8333.333333333334,22.5,52.35,4.89,2.060524614838994,1072
560000.0,80.0,2.0,7000.0,40.0,52.370000000000005,4.9,0.4674712278220415,1011
250000.0,48.0,3.0,5208.333333333333,16.0,52.38,4.82,5.651966188765252,1063
650000.0,87.0,4.0,7471.264367816092,21.75,52.370000000000005,4.95,3.424719367930742,1019
1450000.0,273.0,5.0,5311.355311355312,54.6,52.38,4.94,2.7847180286829034,1019
275000.0,40.0,2.0,6875.0,20.0,52.410000000000004,4.9,4.65471575456823,1033
550000.0,81.0,5.0,6790.123456790124,16.2,52.36,4.8500000000000005,3.7506738769654535,1058
349000.0,82.0,4.0,4256.09756097561,20.5,52.35,4.8,7.397561699283094,1069
350000.0,92.0,3.0,3804.3478260869565,30.666666666666668,52.38,4.8,7.029460161156142,1067
575000.0,80.0,3.0,7187.5,26.666666666666668,52.38,4.89,1.5322857765455786,1013
1000000.0,120.0,3.0,8333.333333333334,40.0,52.370000000000005,4.89,1.134271760892102,1017
398000.0,102.0,3.0,3901.9607843137255,34.0,52.4,4.94,4.0107563074742565,1025
280000.0,82.0,3.0,3414.6341463414633,27.333333333333332,52.29,4.97,9.512687599203867,1107
350000.0,58.0,3.0,6034.482758620689,19.333333333333332,52.38,4.84,4.430481377810384,1061
500000.0,76.0,3.0,6578.9473684210525,25.333333333333332,52.4,4.88,3.5465672217365456,1013
615000.0,95.0,4.0,6473.684210526316,23.75,52.38,4.87,2.5673366436120104,1051
575000.0,128.0,4.0,4492.1875,32.0,52.370000000000005,4.91,0.4067947701151953,1086
275000.0,31.0,2.0,8870.967741935483,15.5,52.38,4.89,1.8504526049437757,1013
644900.0,92.0,3.0,7009.782608695652,30.666666666666668,52.38,4.87,2.7833590202986365,1051
199000.0,21.0,1.0,9476.190476190477,21.0,52.36,4.86,2.864509837016408,1054
685000.0,80.0,3.0,8562.5,26.666666666666668,52.35,4.86,3.5942518624485125,1075
1300000.0,139.0,5.0,9352.51798561151,27.8,52.370000000000005,4.88,1.7300178133874058,1016
540000.0,94.0,3.0,5744.68085106383,31.333333333333332,52.370000000000005,4.97,4.489191736990382,1095
475000.0,96.0,4.0,4947.916666666667,24.0,52.34,4.95,4.151235650711069,1098
245000.0,61.0,3.0,4016.3934426229507,20.333333333333332,52.36,4.79,7.96166295369301,1069
1250000.0,180.0,9.0,6944.444444444444,20.0,52.39,4.91,2.399347726182841,1031
695000.0,96.0,3.0,7239.583333333333,32.0,52.38,4.9,0.8715928869134253,1011
348738.0,79.0,4.0,4414.405063291139,19.75,52.35,5.0200000000000005,7.893662214704793,1087
348738.0,79.0,4.0,4414.405063291139,19.75,52.35,5.0200000000000005,7.893662214704793,1087
1698000.0,205.0,5.0,8282.926829268292,41.0,52.35,4.86,3.4382666330490776,1075
275000.0,84.0,4.0,3273.809523809524,21.0,52.36,4.79,7.834500908456762,1069
375000.0,118.0,4.0,3177.9661016949153,29.5,52.38,4.82,5.645443266489787,1063
675000.0,129.0,4.0,5232.558139534884,32.25,52.34,4.82,6.310871564026108,1066
849000.0,111.0,5.0,7648.648648648648,22.2,52.39,4.91,2.3791885175115923,1031
539000.0,108.0,4.0,4990.740740740741,27.0,52.38,4.84,4.6442695254596025,1061
525000.0,59.0,4.0,8898.305084745763,14.75,52.370000000000005,4.88,1.582241475290731,1016
1500000.0,194.0,9.0,7731.958762886598,21.555555555555557,52.370000000000005,4.9,0.8128423463146591,1011
295000.0,41.0,1.0,7195.121951219512,41.0,52.35,4.93,2.19763166341804,1097
750000.0,117.0,1.0,6410.25641025641,117.0,52.35,4.93,2.19763166341804,1097
350000.0,72.0,3.0,4861.111111111111,24.0,52.410000000000004,4.89,5.308486554955228,1033
350000.0,51.0,3.0,6862.745098039216,17.0,52.36,4.86,3.248916468813949,1058
599000.0,113.0,4.0,5300.884955752213,28.25,52.38,4.97,4.28341726908537,1095
300000.0,79.0,4.0,3797.46835443038,19.75,52.36,4.8100000000000005,6.505247105453471,1068
